Latitude,Longitude,Name,Icon,PlotName,NWR,year,type,Description
67.14307,-142.294,38152_1,186,Porcupine II,Arctic,even,ALMS,ALMS Point in Arctic NWR at Porcupine II and surveyed in even years
67.14792,-142.248,38152_10,186,Porcupine II,Arctic,even,ALMS,ALMS Point in Arctic NWR at Porcupine II and surveyed in even years
67.15208,-142.294,38152_11,186,Porcupine II,Arctic,even,ALMS,ALMS Point in Arctic NWR at Porcupine II and surveyed in even years
67.15217,-142.282,38152_12,186,Porcupine II,Arctic,even,ALMS,ALMS Point in Arctic NWR at Porcupine II and surveyed in even years
67.15225,-142.271,38152_13,186,Porcupine II,Arctic,even,ALMS,ALMS Point in Arctic NWR at Porcupine II and surveyed in even years
67.15234,-142.26,38152_14,186,Porcupine II,Arctic,even,ALMS,ALMS Point in Arctic NWR at Porcupine II and surveyed in even years
67.15242,-142.248,38152_15,186,Porcupine II,Arctic,even,ALMS,ALMS Point in Arctic NWR at Porcupine II and surveyed in even years
67.15674,-142.294,38152_16,186,Porcupine II,Arctic,even,ALMS,ALMS Point in Arctic NWR at Porcupine II and surveyed in even years
67.15667,-142.283,38152_17,186,Porcupine II,Arctic,even,ALMS,ALMS Point in Arctic NWR at Porcupine II and surveyed in even years
67.15876,-142.272,38152_18,186,Porcupine II,Arctic,even,ALMS,ALMS Point in Arctic NWR at Porcupine II and surveyed in even years
67.15684,-142.26,38152_19,186,Porcupine II,Arctic,even,ALMS,ALMS Point in Arctic NWR at Porcupine II and surveyed in even years
67.14315,-142.282,38152_2,186,Porcupine II,Arctic,even,ALMS,ALMS Point in Arctic NWR at Porcupine II and surveyed in even years
67.15693,-142.248,38152_20,186,Porcupine II,Arctic,even,ALMS,ALMS Point in Arctic NWR at Porcupine II and surveyed in even years
67.16109,-142.294,38152_21,186,Porcupine II,Arctic,even,ALMS,ALMS Point in Arctic NWR at Porcupine II and surveyed in even years
67.14324,-142.271,38152_3,186,Porcupine II,Arctic,even,ALMS,ALMS Point in Arctic NWR at Porcupine II and surveyed in even years
67.14333,-142.259,38152_4,186,Porcupine II,Arctic,even,ALMS,ALMS Point in Arctic NWR at Porcupine II and surveyed in even years
67.14341,-142.248,38152_5,186,Porcupine II,Arctic,even,ALMS,ALMS Point in Arctic NWR at Porcupine II and surveyed in even years
67.14757,-142.294,38152_6,186,Porcupine II,Arctic,even,ALMS,ALMS Point in Arctic NWR at Porcupine II and surveyed in even years
67.14766,-142.282,38152_7,186,Porcupine II,Arctic,even,ALMS,ALMS Point in Arctic NWR at Porcupine II and surveyed in even years
67.14775,-142.271,38152_8,186,Porcupine II,Arctic,even,ALMS,ALMS Point in Arctic NWR at Porcupine II and surveyed in even years
67.14783,-142.259,38152_9,186,Porcupine II,Arctic,even,ALMS,ALMS Point in Arctic NWR at Porcupine II and surveyed in even years
67.32815,-141.376,38634_1,186,Porcupine I,Arctic,even,ALMS,ALMS Point in Arctic NWR at Porcupine I and surveyed in even years
67.33275,-141.33,38634_10,186,Porcupine I,Arctic,even,ALMS,ALMS Point in Arctic NWR at Porcupine I and surveyed in even years
67.33717,-141.376,38634_11,186,Porcupine I,Arctic,even,ALMS,ALMS Point in Arctic NWR at Porcupine I and surveyed in even years
67.33719,-141.364,38634_12,186,Porcupine I,Arctic,even,ALMS,ALMS Point in Arctic NWR at Porcupine I and surveyed in even years
67.33722,-141.353,38634_13,186,Porcupine I,Arctic,even,ALMS,ALMS Point in Arctic NWR at Porcupine I and surveyed in even years
67.33724,-141.341,38634_14,186,Porcupine I,Arctic,even,ALMS,ALMS Point in Arctic NWR at Porcupine I and surveyed in even years
67.33726,-141.33,38634_15,186,Porcupine I,Arctic,even,ALMS,ALMS Point in Arctic NWR at Porcupine I and surveyed in even years
67.34168,-141.376,38634_16,186,Porcupine I,Arctic,even,ALMS,ALMS Point in Arctic NWR at Porcupine I and surveyed in even years
67.3417,-141.364,38634_17,186,Porcupine I,Arctic,even,ALMS,ALMS Point in Arctic NWR at Porcupine I and surveyed in even years
67.34173,-141.353,38634_18,186,Porcupine I,Arctic,even,ALMS,ALMS Point in Arctic NWR at Porcupine I and surveyed in even years
67.34175,-141.341,38634_19,186,Porcupine I,Arctic,even,ALMS,ALMS Point in Arctic NWR at Porcupine I and surveyed in even years
67.32793,-141.364,38634_2,186,Porcupine I,Arctic,even,ALMS,ALMS Point in Arctic NWR at Porcupine I and surveyed in even years
67.34177,-141.33,38634_20,186,Porcupine I,Arctic,even,ALMS,ALMS Point in Arctic NWR at Porcupine I and surveyed in even years
67.34619,-141.376,38634_21,186,Porcupine I,Arctic,even,ALMS,ALMS Point in Arctic NWR at Porcupine I and surveyed in even years
67.34621,-141.364,38634_22,186,Porcupine I,Arctic,even,ALMS,ALMS Point in Arctic NWR at Porcupine I and surveyed in even years
67.34623,-141.353,38634_23,186,Porcupine I,Arctic,even,ALMS,ALMS Point in Arctic NWR at Porcupine I and surveyed in even years
67.34626,-141.341,38634_24,186,Porcupine I,Arctic,even,ALMS,ALMS Point in Arctic NWR at Porcupine I and surveyed in even years
67.34628,-141.33,38634_25,186,Porcupine I,Arctic,even,ALMS,ALMS Point in Arctic NWR at Porcupine I and surveyed in even years
67.3282,-141.353,38634_3,186,Porcupine I,Arctic,even,ALMS,ALMS Point in Arctic NWR at Porcupine I and surveyed in even years
67.32822,-141.341,38634_4,186,Porcupine I,Arctic,even,ALMS,ALMS Point in Arctic NWR at Porcupine I and surveyed in even years
67.32825,-141.33,38634_5,186,Porcupine I,Arctic,even,ALMS,ALMS Point in Arctic NWR at Porcupine I and surveyed in even years
67.33267,-141.376,38634_6,186,Porcupine I,Arctic,even,ALMS,ALMS Point in Arctic NWR at Porcupine I and surveyed in even years
67.33268,-141.364,38634_7,186,Porcupine I,Arctic,even,ALMS,ALMS Point in Arctic NWR at Porcupine I and surveyed in even years
62.9795273,-159.1442973,29941_1,186,Downriver,Innoko,even,ALMS,ALMS Point in Innoko NWR at Downriver and surveyed in even years
62.9886593,-159.1088751,29941_10,186,Downriver,Innoko,even,ALMS,ALMS Point in Innoko NWR at Downriver and surveyed in even years
62.9881428,-159.1496341,29941_11,186,Downriver,Innoko,even,ALMS,ALMS Point in Innoko NWR at Downriver and surveyed in even years
62.9893499,-159.1401114,29941_12,186,Downriver,Innoko,even,ALMS,ALMS Point in Innoko NWR at Downriver and surveyed in even years
62.9905565,-159.130588,29941_13,186,Downriver,Innoko,even,ALMS,ALMS Point in Innoko NWR at Downriver and surveyed in even years
62.9917624,-159.1210638,29941_14,186,Downriver,Innoko,even,ALMS,ALMS Point in Innoko NWR at Downriver and surveyed in even years
62.9929677,-159.1115389,29941_15,186,Downriver,Innoko,even,ALMS,ALMS Point in Innoko NWR at Downriver and surveyed in even years
62.9924505,-159.1523036,29941_16,186,Downriver,Innoko,even,ALMS,ALMS Point in Innoko NWR at Downriver and surveyed in even years
62.9936578,-159.1427797,29941_17,186,Downriver,Innoko,even,ALMS,ALMS Point in Innoko NWR at Downriver and surveyed in even years
62.9948645,-159.133255,29941_18,186,Downriver,Innoko,even,ALMS,ALMS Point in Innoko NWR at Downriver and surveyed in even years
62.9960706,-159.1237296,29941_19,186,Downriver,Innoko,even,ALMS,ALMS Point in Innoko NWR at Downriver and surveyed in even years
62.9807341,-159.1347772,29941_2,186,Downriver,Innoko,even,ALMS,ALMS Point in Innoko NWR at Downriver and surveyed in even years
62.9972761,-159.1142034,29941_20,186,Downriver,Innoko,even,ALMS,ALMS Point in Innoko NWR at Downriver and surveyed in even years
62.9967581,-159.1549739,29941_21,186,Downriver,Innoko,even,ALMS,ALMS Point in Innoko NWR at Downriver and surveyed in even years
62.9979656,-159.1454488,29941_22,186,Downriver,Innoko,even,ALMS,ALMS Point in Innoko NWR at Downriver and surveyed in even years
62.9991725,-159.1359228,29941_23,186,Downriver,Innoko,even,ALMS,ALMS Point in Innoko NWR at Downriver and surveyed in even years
63.0003788,-159.1263961,29941_24,186,Downriver,Innoko,even,ALMS,ALMS Point in Innoko NWR at Downriver and surveyed in even years
63.0015845,-159.1168686,29941_25,186,Downriver,Innoko,even,ALMS,ALMS Point in Innoko NWR at Downriver and surveyed in even years
62.9819403,-159.1252563,29941_3,186,Downriver,Innoko,even,ALMS,ALMS Point in Innoko NWR at Downriver and surveyed in even years
62.9831459,-159.1157346,29941_4,186,Downriver,Innoko,even,ALMS,ALMS Point in Innoko NWR at Downriver and surveyed in even years
62.9843509,-159.1062122,29941_5,186,Downriver,Innoko,even,ALMS,ALMS Point in Innoko NWR at Downriver and surveyed in even years
62.9838351,-159.1469653,29941_6,186,Downriver,Innoko,even,ALMS,ALMS Point in Innoko NWR at Downriver and surveyed in even years
62.985042,-159.1374439,29941_7,186,Downriver,Innoko,even,ALMS,ALMS Point in Innoko NWR at Downriver and surveyed in even years
62.9862484,-159.1279218,29941_8,186,Downriver,Innoko,even,ALMS,ALMS Point in Innoko NWR at Downriver and surveyed in even years
62.9874542,-159.1183988,29941_9,186,Downriver,Innoko,even,ALMS,ALMS Point in Innoko NWR at Downriver and surveyed in even years
63.4661121,-158.2000176,30903_1,186,Spotted Slough,Innoko,even,ALMS,ALMS Point in Innoko NWR at Spotted Slough and surveyed in even years
63.4750189,-158.1637244,30903_10,186,Spotted Slough,Innoko,even,ALMS,ALMS Point in Innoko NWR at Spotted Slough and surveyed in even years
63.4747646,-158.2051664,30903_11,186,Spotted Slough,Innoko,even,ALMS,ALMS Point in Innoko NWR at Spotted Slough and surveyed in even years
63.4759109,-158.1954494,30903_12,186,Spotted Slough,Innoko,even,ALMS,ALMS Point in Innoko NWR at Spotted Slough and surveyed in even years
63.4770565,-158.1857316,30903_13,186,Spotted Slough,Innoko,even,ALMS,ALMS Point in Innoko NWR at Spotted Slough and surveyed in even years
63.4782015,-158.1760131,30903_14,186,Spotted Slough,Innoko,even,ALMS,ALMS Point in Innoko NWR at Spotted Slough and surveyed in even years
63.4793459,-158.1662939,30903_15,186,Spotted Slough,Innoko,even,ALMS,ALMS Point in Innoko NWR at Spotted Slough and surveyed in even years
63.4790909,-158.2077419,30903_16,186,Spotted Slough,Innoko,even,ALMS,ALMS Point in Innoko NWR at Spotted Slough and surveyed in even years
63.4802373,-158.1980236,30903_17,186,Spotted Slough,Innoko,even,ALMS,ALMS Point in Innoko NWR at Spotted Slough and surveyed in even years
63.4813831,-158.1883045,30903_18,186,Spotted Slough,Innoko,even,ALMS,ALMS Point in Innoko NWR at Spotted Slough and surveyed in even years
63.4825282,-158.1785847,30903_19,186,Spotted Slough,Innoko,even,ALMS,ALMS Point in Innoko NWR at Spotted Slough and surveyed in even years
63.467258,-158.1903032,30903_2,186,Spotted Slough,Innoko,even,ALMS,ALMS Point in Innoko NWR at Spotted Slough and surveyed in even years
63.4836728,-158.1688641,30903_20,186,Spotted Slough,Innoko,even,ALMS,ALMS Point in Innoko NWR at Spotted Slough and surveyed in even years
63.4834171,-158.2103182,30903_21,186,Spotted Slough,Innoko,even,ALMS,ALMS Point in Innoko NWR at Spotted Slough and surveyed in even years
63.4845637,-158.2005986,30903_22,186,Spotted Slough,Innoko,even,ALMS,ALMS Point in Innoko NWR at Spotted Slough and surveyed in even years
63.4857096,-158.1908782,30903_23,186,Spotted Slough,Innoko,even,ALMS,ALMS Point in Innoko NWR at Spotted Slough and surveyed in even years
63.486855,-158.181157,30903_24,186,Spotted Slough,Innoko,even,ALMS,ALMS Point in Innoko NWR at Spotted Slough and surveyed in even years
63.4879997,-158.1714351,30903_25,186,Spotted Slough,Innoko,even,ALMS,ALMS Point in Innoko NWR at Spotted Slough and surveyed in even years
63.4684033,-158.1805881,30903_3,186,Spotted Slough,Innoko,even,ALMS,ALMS Point in Innoko NWR at Spotted Slough and surveyed in even years
63.4695479,-158.1708722,30903_4,186,Spotted Slough,Innoko,even,ALMS,ALMS Point in Innoko NWR at Spotted Slough and surveyed in even years
63.4706919,-158.1611556,30903_5,186,Spotted Slough,Innoko,even,ALMS,ALMS Point in Innoko NWR at Spotted Slough and surveyed in even years
63.4704384,-158.2025916,30903_6,186,Spotted Slough,Innoko,even,ALMS,ALMS Point in Innoko NWR at Spotted Slough and surveyed in even years
63.4715845,-158.1928759,30903_7,186,Spotted Slough,Innoko,even,ALMS,ALMS Point in Innoko NWR at Spotted Slough and surveyed in even years
63.4727299,-158.1831595,30903_8,186,Spotted Slough,Innoko,even,ALMS,ALMS Point in Innoko NWR at Spotted Slough and surveyed in even years
63.4738747,-158.1734423,30903_9,186,Spotted Slough,Innoko,even,ALMS,ALMS Point in Innoko NWR at Spotted Slough and surveyed in even years
66.44192,-151.68918,37154_1,186,Chalatna,Kanuti,even,ALMS,ALMS Point in Kanuti NWR at Chalatna and surveyed in even years
66.4492,-151.64686,37154_10,186,Chalatna,Kanuti,even,ALMS,ALMS Point in Kanuti NWR at Chalatna and surveyed in even years
66.45073,-151.69277,37154_11,186,Chalatna,Kanuti,even,ALMS,ALMS Point in Kanuti NWR at Chalatna and surveyed in even years
66.45149,-151.68185,37154_12,186,Chalatna,Kanuti,even,ALMS,ALMS Point in Kanuti NWR at Chalatna and surveyed in even years
66.45219,-151.67068,37154_13,186,Chalatna,Kanuti,even,ALMS,ALMS Point in Kanuti NWR at Chalatna and surveyed in even years
66.45292,-151.65968,37154_14,186,Chalatna,Kanuti,even,ALMS,ALMS Point in Kanuti NWR at Chalatna and surveyed in even years
66.45373,-151.64883,37154_15,186,Chalatna,Kanuti,even,ALMS,ALMS Point in Kanuti NWR at Chalatna and surveyed in even years
66.45521,-151.69455,37154_16,186,Chalatna,Kanuti,even,ALMS,ALMS Point in Kanuti NWR at Chalatna and surveyed in even years
66.45593,-151.68356,37154_17,186,Chalatna,Kanuti,even,ALMS,ALMS Point in Kanuti NWR at Chalatna and surveyed in even years
66.45659,-151.67264,37154_18,186,Chalatna,Kanuti,even,ALMS,ALMS Point in Kanuti NWR at Chalatna and surveyed in even years
66.45736,-151.66147,37154_19,186,Chalatna,Kanuti,even,ALMS,ALMS Point in Kanuti NWR at Chalatna and surveyed in even years
66.4426,-151.67822,37154_2,186,Chalatna,Kanuti,even,ALMS,ALMS Point in Kanuti NWR at Chalatna and surveyed in even years
66.45789,-151.64953,37154_20,186,Chalatna,Kanuti,even,ALMS,ALMS Point in Kanuti NWR at Chalatna and surveyed in even years
66.45966,-151.69638,37154_21,186,Chalatna,Kanuti,even,ALMS,ALMS Point in Kanuti NWR at Chalatna and surveyed in even years
66.46028,-151.68519,37154_22,186,Chalatna,Kanuti,even,ALMS,ALMS Point in Kanuti NWR at Chalatna and surveyed in even years
66.46113,-151.6744,37154_23,186,Chalatna,Kanuti,even,ALMS,ALMS Point in Kanuti NWR at Chalatna and surveyed in even years
66.46178,-151.66342,37154_24,186,Chalatna,Kanuti,even,ALMS,ALMS Point in Kanuti NWR at Chalatna and surveyed in even years
66.46246,-151.65223,37154_25,186,Chalatna,Kanuti,even,ALMS,ALMS Point in Kanuti NWR at Chalatna and surveyed in even years
66.44338,-151.66715,37154_3,186,Chalatna,Kanuti,even,ALMS,ALMS Point in Kanuti NWR at Chalatna and surveyed in even years
66.44404,-151.65615,37154_4,186,Chalatna,Kanuti,even,ALMS,ALMS Point in Kanuti NWR at Chalatna and surveyed in even years
66.44476,-151.64514,37154_5,186,Chalatna,Kanuti,even,ALMS,ALMS Point in Kanuti NWR at Chalatna and surveyed in even years
66.44701,-151.67997,37154_7,186,Chalatna,Kanuti,even,ALMS,ALMS Point in Kanuti NWR at Chalatna and surveyed in even years
66.44804,-151.66958,37154_8,186,Chalatna,Kanuti,even,ALMS,ALMS Point in Kanuti NWR at Chalatna and surveyed in even years
66.44849,-151.65791,37154_9,186,Chalatna,Kanuti,even,ALMS,ALMS Point in Kanuti NWR at Chalatna and surveyed in even years
66.53068,-151.72511,37393_1,186,Minnkokut,Kanuti,even,ALMS,ALMS Point in Kanuti NWR at Minnkokut and surveyed in even years
66.53956,-151.72871,37393_11,186,Minnkokut,Kanuti,even,ALMS,ALMS Point in Kanuti NWR at Minnkokut and surveyed in even years
66.54028,-151.71765,37393_12,186,Minnkokut,Kanuti,even,ALMS,ALMS Point in Kanuti NWR at Minnkokut and surveyed in even years
66.54101,-151.70658,37393_13,186,Minnkokut,Kanuti,even,ALMS,ALMS Point in Kanuti NWR at Minnkokut and surveyed in even years
66.54173,-151.69551,37393_14,186,Minnkokut,Kanuti,even,ALMS,ALMS Point in Kanuti NWR at Minnkokut and surveyed in even years
66.54245,-151.68445,37393_15,186,Minnkokut,Kanuti,even,ALMS,ALMS Point in Kanuti NWR at Minnkokut and surveyed in even years
66.544,-151.73052,37393_16,186,Minnkokut,Kanuti,even,ALMS,ALMS Point in Kanuti NWR at Minnkokut and surveyed in even years
66.54472,-151.71945,37393_17,186,Minnkokut,Kanuti,even,ALMS,ALMS Point in Kanuti NWR at Minnkokut and surveyed in even years
66.54545,-151.70838,37393_18,186,Minnkokut,Kanuti,even,ALMS,ALMS Point in Kanuti NWR at Minnkokut and surveyed in even years
66.54617,-151.69731,37393_19,186,Minnkokut,Kanuti,even,ALMS,ALMS Point in Kanuti NWR at Minnkokut and surveyed in even years
66.53149,-151.71312,37393_2,186,Minnkokut,Kanuti,even,ALMS,ALMS Point in Kanuti NWR at Minnkokut and surveyed in even years
66.54689,-151.68624,37393_20,186,Minnkokut,Kanuti,even,ALMS,ALMS Point in Kanuti NWR at Minnkokut and surveyed in even years
66.54844,-151.73232,37393_21,186,Minnkokut,Kanuti,even,ALMS,ALMS Point in Kanuti NWR at Minnkokut and surveyed in even years
66.54917,-151.72125,37393_22,186,Minnkokut,Kanuti,even,ALMS,ALMS Point in Kanuti NWR at Minnkokut and surveyed in even years
66.54989,-151.71018,37393_23,186,Minnkokut,Kanuti,even,ALMS,ALMS Point in Kanuti NWR at Minnkokut and surveyed in even years
66.55061,-151.69911,37393_24,186,Minnkokut,Kanuti,even,ALMS,ALMS Point in Kanuti NWR at Minnkokut and surveyed in even years
66.53285,-151.69192,37393_4,186,Minnkokut,Kanuti,even,ALMS,ALMS Point in Kanuti NWR at Minnkokut and surveyed in even years
66.53357,-151.68086,37393_5,186,Minnkokut,Kanuti,even,ALMS,ALMS Point in Kanuti NWR at Minnkokut and surveyed in even years
66.53512,-151.72691,37393_6,186,Minnkokut,Kanuti,even,ALMS,ALMS Point in Kanuti NWR at Minnkokut and surveyed in even years
66.53584,-151.71585,37393_7,186,Minnkokut,Kanuti,even,ALMS,ALMS Point in Kanuti NWR at Minnkokut and surveyed in even years
66.53657,-151.70478,37393_8,186,Minnkokut,Kanuti,even,ALMS,ALMS Point in Kanuti NWR at Minnkokut and surveyed in even years
66.53729,-151.69372,37393_9,186,Minnkokut,Kanuti,even,ALMS,ALMS Point in Kanuti NWR at Minnkokut and surveyed in even years
66.00839,-155.994,36895_1,186,Cone Mountain,Koyukuk,even,ALMS,ALMS Point in Koyukuk NWR at Cone Mountain and surveyed in even years
66.01679,-155.954,36895_10,186,Cone Mountain,Koyukuk,even,ALMS,ALMS Point in Koyukuk NWR at Cone Mountain and surveyed in even years
66.01715,-155.999,36895_11,186,Cone Mountain,Koyukuk,even,ALMS,ALMS Point in Koyukuk NWR at Cone Mountain and surveyed in even years
66.01815,-155.989,36895_12,186,Cone Mountain,Koyukuk,even,ALMS,ALMS Point in Koyukuk NWR at Cone Mountain and surveyed in even years
66.01916,-155.978,36895_13,186,Cone Mountain,Koyukuk,even,ALMS,ALMS Point in Koyukuk NWR at Cone Mountain and surveyed in even years
66.02016,-155.967,36895_14,186,Cone Mountain,Koyukuk,even,ALMS,ALMS Point in Koyukuk NWR at Cone Mountain and surveyed in even years
66.02117,-155.957,36895_15,186,Cone Mountain,Koyukuk,even,ALMS,ALMS Point in Koyukuk NWR at Cone Mountain and surveyed in even years
66.02153,-156.002,36895_16,186,Cone Mountain,Koyukuk,even,ALMS,ALMS Point in Koyukuk NWR at Cone Mountain and surveyed in even years
66.02253,-155.991,36895_17,186,Cone Mountain,Koyukuk,even,ALMS,ALMS Point in Koyukuk NWR at Cone Mountain and surveyed in even years
66.02354,-155.98,36895_18,186,Cone Mountain,Koyukuk,even,ALMS,ALMS Point in Koyukuk NWR at Cone Mountain and surveyed in even years
66.02454,-155.97,36895_19,186,Cone Mountain,Koyukuk,even,ALMS,ALMS Point in Koyukuk NWR at Cone Mountain and surveyed in even years
66.00939,-155.984,36895_2,186,Cone Mountain,Koyukuk,even,ALMS,ALMS Point in Koyukuk NWR at Cone Mountain and surveyed in even years
66.02555,-155.959,36895_20,186,Cone Mountain,Koyukuk,even,ALMS,ALMS Point in Koyukuk NWR at Cone Mountain and surveyed in even years
66.02591,-156.004,36895_21,186,Cone Mountain,Koyukuk,even,ALMS,ALMS Point in Koyukuk NWR at Cone Mountain and surveyed in even years
66.02691,-155.994,36895_22,186,Cone Mountain,Koyukuk,even,ALMS,ALMS Point in Koyukuk NWR at Cone Mountain and surveyed in even years
66.02792,-155.983,36895_23,186,Cone Mountain,Koyukuk,even,ALMS,ALMS Point in Koyukuk NWR at Cone Mountain and surveyed in even years
66.02892,-155.972,36895_24,186,Cone Mountain,Koyukuk,even,ALMS,ALMS Point in Koyukuk NWR at Cone Mountain and surveyed in even years
66.02993,-155.961,36895_25,186,Cone Mountain,Koyukuk,even,ALMS,ALMS Point in Koyukuk NWR at Cone Mountain and surveyed in even years
66.0104,-155.973,36895_3,186,Cone Mountain,Koyukuk,even,ALMS,ALMS Point in Koyukuk NWR at Cone Mountain and surveyed in even years
66.0114,-155.962,36895_4,186,Cone Mountain,Koyukuk,even,ALMS,ALMS Point in Koyukuk NWR at Cone Mountain and surveyed in even years
66.01241,-155.952,36895_5,186,Cone Mountain,Koyukuk,even,ALMS,ALMS Point in Koyukuk NWR at Cone Mountain and surveyed in even years
66.01277,-155.997,36895_6,186,Cone Mountain,Koyukuk,even,ALMS,ALMS Point in Koyukuk NWR at Cone Mountain and surveyed in even years
66.01377,-155.986,36895_7,186,Cone Mountain,Koyukuk,even,ALMS,ALMS Point in Koyukuk NWR at Cone Mountain and surveyed in even years
66.01478,-155.976,36895_8,186,Cone Mountain,Koyukuk,even,ALMS,ALMS Point in Koyukuk NWR at Cone Mountain and surveyed in even years
66.01578,-155.965,36895_9,186,Cone Mountain,Koyukuk,even,ALMS,ALMS Point in Koyukuk NWR at Cone Mountain and surveyed in even years
64.66319,-154.632,33074_1,186,Charlie Lake,Nowitna,even,ALMS,ALMS Point in Nowitna NWR at Charlie Lake and surveyed in even years
64.67122,-154.593,33074_10,186,Charlie Lake,Nowitna,even,ALMS,ALMS Point in Nowitna NWR at Charlie Lake and surveyed in even years
64.67196,-154.636,33074_11,186,Charlie Lake,Nowitna,even,ALMS,ALMS Point in Nowitna NWR at Charlie Lake and surveyed in even years
64.67288,-154.626,33074_12,186,Charlie Lake,Nowitna,even,ALMS,ALMS Point in Nowitna NWR at Charlie Lake and surveyed in even years
64.67379,-154.615,33074_13,186,Charlie Lake,Nowitna,even,ALMS,ALMS Point in Nowitna NWR at Charlie Lake and surveyed in even years
64.6747,-154.605,33074_14,186,Charlie Lake,Nowitna,even,ALMS,ALMS Point in Nowitna NWR at Charlie Lake and surveyed in even years
64.67561,-154.595,33074_15,186,Charlie Lake,Nowitna,even,ALMS,ALMS Point in Nowitna NWR at Charlie Lake and surveyed in even years
64.67635,-154.638,33074_16,186,Charlie Lake,Nowitna,even,ALMS,ALMS Point in Nowitna NWR at Charlie Lake and surveyed in even years
64.67726,-154.628,33074_17,186,Charlie Lake,Nowitna,even,ALMS,ALMS Point in Nowitna NWR at Charlie Lake and surveyed in even years
64.67818,-154.618,33074_18,186,Charlie Lake,Nowitna,even,ALMS,ALMS Point in Nowitna NWR at Charlie Lake and surveyed in even years
64.67909,-154.607,33074_19,186,Charlie Lake,Nowitna,even,ALMS,ALMS Point in Nowitna NWR at Charlie Lake and surveyed in even years
64.6641,-154.621,33074_2,186,Charlie Lake,Nowitna,even,ALMS,ALMS Point in Nowitna NWR at Charlie Lake and surveyed in even years
64.68,-154.597,33074_20,186,Charlie Lake,Nowitna,even,ALMS,ALMS Point in Nowitna NWR at Charlie Lake and surveyed in even years
64.68074,-154.64,33074_21,186,Charlie Lake,Nowitna,even,ALMS,ALMS Point in Nowitna NWR at Charlie Lake and surveyed in even years
64.68165,-154.63,33074_22,186,Charlie Lake,Nowitna,even,ALMS,ALMS Point in Nowitna NWR at Charlie Lake and surveyed in even years
64.68257,-154.62,33074_23,186,Charlie Lake,Nowitna,even,ALMS,ALMS Point in Nowitna NWR at Charlie Lake and surveyed in even years
64.68348,-154.609,33074_24,186,Charlie Lake,Nowitna,even,ALMS,ALMS Point in Nowitna NWR at Charlie Lake and surveyed in even years
64.68439,-154.599,33074_25,186,Charlie Lake,Nowitna,even,ALMS,ALMS Point in Nowitna NWR at Charlie Lake and surveyed in even years
64.66501,-154.611,33074_3,186,Charlie Lake,Nowitna,even,ALMS,ALMS Point in Nowitna NWR at Charlie Lake and surveyed in even years
64.66592,-154.601,33074_4,186,Charlie Lake,Nowitna,even,ALMS,ALMS Point in Nowitna NWR at Charlie Lake and surveyed in even years
64.66684,-154.591,33074_5,186,Charlie Lake,Nowitna,even,ALMS,ALMS Point in Nowitna NWR at Charlie Lake and surveyed in even years
64.66757,-154.634,33074_6,186,Charlie Lake,Nowitna,even,ALMS,ALMS Point in Nowitna NWR at Charlie Lake and surveyed in even years
64.66849,-154.624,33074_7,186,Charlie Lake,Nowitna,even,ALMS,ALMS Point in Nowitna NWR at Charlie Lake and surveyed in even years
64.6694,-154.613,33074_8,186,Charlie Lake,Nowitna,even,ALMS,ALMS Point in Nowitna NWR at Charlie Lake and surveyed in even years
64.67031,-154.603,33074_9,186,Charlie Lake,Nowitna,even,ALMS,ALMS Point in Nowitna NWR at Charlie Lake and surveyed in even years
67.31667,-142.99534,38627_1,186,Coleen South,Arctic,odd,ALMS,ALMS Point in Arctic NWR at Coleen South and surveyed in odd years
67.32169,-142.94948,38627_10,186,Coleen South,Arctic,odd,ALMS,ALMS Point in Arctic NWR at Coleen South and surveyed in odd years
67.3256,-142.99593,38627_11,186,Coleen South,Arctic,odd,ALMS,ALMS Point in Arctic NWR at Coleen South and surveyed in odd years
67.3258,-142.98443,38627_12,186,Coleen South,Arctic,odd,ALMS,ALMS Point in Arctic NWR at Coleen South and surveyed in odd years
67.3259,-142.97286,38627_13,186,Coleen South,Arctic,odd,ALMS,ALMS Point in Arctic NWR at Coleen South and surveyed in odd years
67.326,-142.96145,38627_14,186,Coleen South,Arctic,odd,ALMS,ALMS Point in Arctic NWR at Coleen South and surveyed in odd years
67.32619,-142.94998,38627_15,186,Coleen South,Arctic,odd,ALMS,ALMS Point in Arctic NWR at Coleen South and surveyed in odd years
67.33013,-142.99632,38627_16,186,Coleen South,Arctic,odd,ALMS,ALMS Point in Arctic NWR at Coleen South and surveyed in odd years
67.33026,-142.98479,38627_17,186,Coleen South,Arctic,odd,ALMS,ALMS Point in Arctic NWR at Coleen South and surveyed in odd years
67.3304,-142.9732,38627_18,186,Coleen South,Arctic,odd,ALMS,ALMS Point in Arctic NWR at Coleen South and surveyed in odd years
67.3306,-142.96167,38627_19,186,Coleen South,Arctic,odd,ALMS,ALMS Point in Arctic NWR at Coleen South and surveyed in odd years
67.31673,-142.98371,38627_2,186,Coleen South,Arctic,odd,ALMS,ALMS Point in Arctic NWR at Coleen South and surveyed in odd years
67.33054,-142.95,38627_20,186,Coleen South,Arctic,odd,ALMS,ALMS Point in Arctic NWR at Coleen South and surveyed in odd years
67.33463,-142.99667,38627_21,186,Coleen South,Arctic,odd,ALMS,ALMS Point in Arctic NWR at Coleen South and surveyed in odd years
67.33479,-142.98511,38627_22,186,Coleen South,Arctic,odd,ALMS,ALMS Point in Arctic NWR at Coleen South and surveyed in odd years
67.3349,-142.97348,38627_23,186,Coleen South,Arctic,odd,ALMS,ALMS Point in Arctic NWR at Coleen South and surveyed in odd years
67.33503,-142.96204,38627_24,186,Coleen South,Arctic,odd,ALMS,ALMS Point in Arctic NWR at Coleen South and surveyed in odd years
67.33518,-142.95049,38627_25,186,Coleen South,Arctic,odd,ALMS,ALMS Point in Arctic NWR at Coleen South and surveyed in odd years
67.31692,-142.97205,38627_3,186,Coleen South,Arctic,odd,ALMS,ALMS Point in Arctic NWR at Coleen South and surveyed in odd years
67.31702,-142.96065,38627_4,186,Coleen South,Arctic,odd,ALMS,ALMS Point in Arctic NWR at Coleen South and surveyed in odd years
67.31712,-142.9491,38627_5,186,Coleen South,Arctic,odd,ALMS,ALMS Point in Arctic NWR at Coleen South and surveyed in odd years
67.32113,-142.99562,38627_6,186,Coleen South,Arctic,odd,ALMS,ALMS Point in Arctic NWR at Coleen South and surveyed in odd years
67.32117,-142.98402,38627_7,186,Coleen South,Arctic,odd,ALMS,ALMS Point in Arctic NWR at Coleen South and surveyed in odd years
67.3214,-142.97252,38627_8,186,Coleen South,Arctic,odd,ALMS,ALMS Point in Arctic NWR at Coleen South and surveyed in odd years
67.32149,-142.96102,38627_9,186,Coleen South,Arctic,odd,ALMS,ALMS Point in Arctic NWR at Coleen South and surveyed in odd years
67.49951,-142.77671,39106_1,186,Coleen North,Arctic,odd,ALMS,ALMS Point in Arctic NWR at Coleen North and surveyed in odd years
67.50448,-142.73053,39106_10,186,Coleen North,Arctic,odd,ALMS,ALMS Point in Arctic NWR at Coleen North and surveyed in odd years
67.50851,-142.77736,39106_11,186,Coleen North,Arctic,odd,ALMS,ALMS Point in Arctic NWR at Coleen North and surveyed in odd years
67.50863,-142.76573,39106_12,186,Coleen North,Arctic,odd,ALMS,ALMS Point in Arctic NWR at Coleen North and surveyed in odd years
67.50871,-142.75407,39106_13,186,Coleen North,Arctic,odd,ALMS,ALMS Point in Arctic NWR at Coleen North and surveyed in odd years
67.50887,-142.74246,39106_14,186,Coleen North,Arctic,odd,ALMS,ALMS Point in Arctic NWR at Coleen North and surveyed in odd years
67.50899,-142.73083,39106_15,186,Coleen North,Arctic,odd,ALMS,ALMS Point in Arctic NWR at Coleen North and surveyed in odd years
67.51302,-142.77767,39106_16,186,Coleen North,Arctic,odd,ALMS,ALMS Point in Arctic NWR at Coleen North and surveyed in odd years
67.51314,-142.76604,39106_17,186,Coleen North,Arctic,odd,ALMS,ALMS Point in Arctic NWR at Coleen North and surveyed in odd years
67.51326,-142.7544,39106_18,186,Coleen North,Arctic,odd,ALMS,ALMS Point in Arctic NWR at Coleen North and surveyed in odd years
67.51338,-142.74277,39106_19,186,Coleen North,Arctic,odd,ALMS,ALMS Point in Arctic NWR at Coleen North and surveyed in odd years
67.49966,-142.76501,39106_2,186,Coleen North,Arctic,odd,ALMS,ALMS Point in Arctic NWR at Coleen North and surveyed in odd years
67.5135,-142.73114,39106_20,186,Coleen North,Arctic,odd,ALMS,ALMS Point in Arctic NWR at Coleen North and surveyed in odd years
67.51753,-142.77798,39106_21,186,Coleen North,Arctic,odd,ALMS,ALMS Point in Arctic NWR at Coleen North and surveyed in odd years
67.51765,-142.76635,39106_22,186,Coleen North,Arctic,odd,ALMS,ALMS Point in Arctic NWR at Coleen North and surveyed in odd years
67.51777,-142.75471,39106_23,186,Coleen North,Arctic,odd,ALMS,ALMS Point in Arctic NWR at Coleen North and surveyed in odd years
67.51789,-142.74307,39106_24,186,Coleen North,Arctic,odd,ALMS,ALMS Point in Arctic NWR at Coleen North and surveyed in odd years
67.5179,-142.73146,39106_25,186,Coleen North,Arctic,odd,ALMS,ALMS Point in Arctic NWR at Coleen North and surveyed in odd years
67.49976,-142.75354,39106_3,186,Coleen North,Arctic,odd,ALMS,ALMS Point in Arctic NWR at Coleen North and surveyed in odd years
67.49984,-142.74184,39106_4,186,Coleen North,Arctic,odd,ALMS,ALMS Point in Arctic NWR at Coleen North and surveyed in odd years
67.49993,-142.73016,39106_5,186,Coleen North,Arctic,odd,ALMS,ALMS Point in Arctic NWR at Coleen North and surveyed in odd years
67.504,-142.77705,39106_6,186,Coleen North,Arctic,odd,ALMS,ALMS Point in Arctic NWR at Coleen North and surveyed in odd years
67.50415,-142.76536,39106_7,186,Coleen North,Arctic,odd,ALMS,ALMS Point in Arctic NWR at Coleen North and surveyed in odd years
67.50427,-142.75377,39106_8,186,Coleen North,Arctic,odd,ALMS,ALMS Point in Arctic NWR at Coleen North and surveyed in odd years
67.50463,-142.74141,39106_9,186,Coleen North,Arctic,odd,ALMS,ALMS Point in Arctic NWR at Coleen North and surveyed in odd years
63.00355,-158.95374,29942_1,186,Netletna,Innoko,odd,ALMS,ALMS Point in Innoko NWR at Netletna and surveyed in odd years
63.01265,-158.91823,29942_10,186,Netletna,Innoko,odd,ALMS,ALMS Point in Innoko NWR at Netletna and surveyed in odd years
63.01337,-158.94946,29942_12,186,Netletna,Innoko,odd,ALMS,ALMS Point in Innoko NWR at Netletna and surveyed in odd years
63.01577,-158.93042,29942_14,186,Netletna,Innoko,odd,ALMS,ALMS Point in Innoko NWR at Netletna and surveyed in odd years
63.01695,-158.92093,29942_15,186,Netletna,Innoko,odd,ALMS,ALMS Point in Innoko NWR at Netletna and surveyed in odd years
63.0165,-158.96167,29942_16,186,Netletna,Innoko,odd,ALMS,ALMS Point in Innoko NWR at Netletna and surveyed in odd years
63.01769,-158.95215,29942_17,186,Netletna,Innoko,odd,ALMS,ALMS Point in Innoko NWR at Netletna and surveyed in odd years
63.01886,-158.9426,29942_18,186,Netletna,Innoko,odd,ALMS,ALMS Point in Innoko NWR at Netletna and surveyed in odd years
63.00475,-158.94418,29942_2,186,Netletna,Innoko,odd,ALMS,ALMS Point in Innoko NWR at Netletna and surveyed in odd years
63.00593,-158.93472,29942_3,186,Netletna,Innoko,odd,ALMS,ALMS Point in Innoko NWR at Netletna and surveyed in odd years
63.00713,-158.92517,29942_4,186,Netletna,Innoko,odd,ALMS,ALMS Point in Innoko NWR at Netletna and surveyed in odd years
63.00832,-158.91559,29942_5,186,Netletna,Innoko,odd,ALMS,ALMS Point in Innoko NWR at Netletna and surveyed in odd years
63.00786,-158.95639,29942_6,186,Netletna,Innoko,odd,ALMS,ALMS Point in Innoko NWR at Netletna and surveyed in odd years
63.00904,-158.94687,29942_7,186,Netletna,Innoko,odd,ALMS,ALMS Point in Innoko NWR at Netletna and surveyed in odd years
63.01025,-158.93726,29942_8,186,Netletna,Innoko,odd,ALMS,ALMS Point in Innoko NWR at Netletna and surveyed in odd years
63.01144,-158.9277,29942_9,186,Netletna,Innoko,odd,ALMS,ALMS Point in Innoko NWR at Netletna and surveyed in odd years
63.388533,-158.1125,30664_10,186,Grouch Creek,Innoko,odd,ALMS,ALMS Point in Innoko NWR at Grouch Creek and surveyed in odd years
63.38825,-158.153817,30664_11,186,Grouch Creek,Innoko,odd,ALMS,ALMS Point in Innoko NWR at Grouch Creek and surveyed in odd years
63.389467,-158.14415,30664_12,186,Grouch Creek,Innoko,odd,ALMS,ALMS Point in Innoko NWR at Grouch Creek and surveyed in odd years
63.3907,-158.134283,30664_13,186,Grouch Creek,Innoko,odd,ALMS,ALMS Point in Innoko NWR at Grouch Creek and surveyed in odd years
63.391617,-158.124683,30664_14,186,Grouch Creek,Innoko,odd,ALMS,ALMS Point in Innoko NWR at Grouch Creek and surveyed in odd years
63.392783,-158.11515,30664_15,186,Grouch Creek,Innoko,odd,ALMS,ALMS Point in Innoko NWR at Grouch Creek and surveyed in odd years
63.3937,-158.146667,30664_17,186,Grouch Creek,Innoko,odd,ALMS,ALMS Point in Innoko NWR at Grouch Creek and surveyed in odd years
63.3949,-158.137033,30664_18,186,Grouch Creek,Innoko,odd,ALMS,ALMS Point in Innoko NWR at Grouch Creek and surveyed in odd years
63.396133,-158.127433,30664_19,186,Grouch Creek,Innoko,odd,ALMS,ALMS Point in Innoko NWR at Grouch Creek and surveyed in odd years
63.397367,-158.1177,30664_20,186,Grouch Creek,Innoko,odd,ALMS,ALMS Point in Innoko NWR at Grouch Creek and surveyed in odd years
63.396883,-158.158867,30664_21,186,Grouch Creek,Innoko,odd,ALMS,ALMS Point in Innoko NWR at Grouch Creek and surveyed in odd years
63.398083,-158.149233,30664_22,186,Grouch Creek,Innoko,odd,ALMS,ALMS Point in Innoko NWR at Grouch Creek and surveyed in odd years
63.3991,-158.1395,30664_23,186,Grouch Creek,Innoko,odd,ALMS,ALMS Point in Innoko NWR at Grouch Creek and surveyed in odd years
63.4003,-158.129633,30664_24,186,Grouch Creek,Innoko,odd,ALMS,ALMS Point in Innoko NWR at Grouch Creek and surveyed in odd years
63.401433,-158.120317,30664_25,186,Grouch Creek,Innoko,odd,ALMS,ALMS Point in Innoko NWR at Grouch Creek and surveyed in odd years
63.383883,-158.151283,30664_6,186,Grouch Creek,Innoko,odd,ALMS,ALMS Point in Innoko NWR at Grouch Creek and surveyed in odd years
63.385117,-158.1417,30664_7,186,Grouch Creek,Innoko,odd,ALMS,ALMS Point in Innoko NWR at Grouch Creek and surveyed in odd years
63.386233,-158.131633,30664_8,186,Grouch Creek,Innoko,odd,ALMS,ALMS Point in Innoko NWR at Grouch Creek and surveyed in odd years
63.387317,-158.12265,30664_9,186,Grouch Creek,Innoko,odd,ALMS,ALMS Point in Innoko NWR at Grouch Creek and surveyed in odd years
65.381309,-157.638951,35691_1,186,Blackpoll Slough,Koyukuk,odd,ALMS,ALMS Point in Koyukuk NWR at Blackpoll Slough and surveyed in odd years
65.390102,-157.599968,35691_10,186,Blackpoll Slough,Koyukuk,odd,ALMS,ALMS Point in Koyukuk NWR at Blackpoll Slough and surveyed in odd years
65.390004,-157.64428,35691_11,186,Blackpoll Slough,Koyukuk,odd,ALMS,ALMS Point in Koyukuk NWR at Blackpoll Slough and surveyed in odd years
65.391116,-157.633868,35691_12,186,Blackpoll Slough,Koyukuk,odd,ALMS,ALMS Point in Koyukuk NWR at Blackpoll Slough and surveyed in odd years
65.392228,-157.623455,35691_13,186,Blackpoll Slough,Koyukuk,odd,ALMS,ALMS Point in Koyukuk NWR at Blackpoll Slough and surveyed in odd years
65.393339,-157.613042,35691_14,186,Blackpoll Slough,Koyukuk,odd,ALMS,ALMS Point in Koyukuk NWR at Blackpoll Slough and surveyed in odd years
65.39445,-157.602627,35691_15,186,Blackpoll Slough,Koyukuk,odd,ALMS,ALMS Point in Koyukuk NWR at Blackpoll Slough and surveyed in odd years
65.394351,-157.646946,35691_16,186,Blackpoll Slough,Koyukuk,odd,ALMS,ALMS Point in Koyukuk NWR at Blackpoll Slough and surveyed in odd years
65.395464,-157.636533,35691_17,186,Blackpoll Slough,Koyukuk,odd,ALMS,ALMS Point in Koyukuk NWR at Blackpoll Slough and surveyed in odd years
65.396576,-157.626118,35691_18,186,Blackpoll Slough,Koyukuk,odd,ALMS,ALMS Point in Koyukuk NWR at Blackpoll Slough and surveyed in odd years
65.397687,-157.615703,35691_19,186,Blackpoll Slough,Koyukuk,odd,ALMS,ALMS Point in Koyukuk NWR at Blackpoll Slough and surveyed in odd years
65.382421,-157.628542,35691_2,186,Blackpoll Slough,Koyukuk,odd,ALMS,ALMS Point in Koyukuk NWR at Blackpoll Slough and surveyed in odd years
65.398798,-157.605287,35691_20,186,Blackpoll Slough,Koyukuk,odd,ALMS,ALMS Point in Koyukuk NWR at Blackpoll Slough and surveyed in odd years
65.398698,-157.649613,35691_21,186,Blackpoll Slough,Koyukuk,odd,ALMS,ALMS Point in Koyukuk NWR at Blackpoll Slough and surveyed in odd years
65.399811,-157.639198,35691_22,186,Blackpoll Slough,Koyukuk,odd,ALMS,ALMS Point in Koyukuk NWR at Blackpoll Slough and surveyed in odd years
65.400924,-157.628782,35691_23,186,Blackpoll Slough,Koyukuk,odd,ALMS,ALMS Point in Koyukuk NWR at Blackpoll Slough and surveyed in odd years
65.402035,-157.618365,35691_24,186,Blackpoll Slough,Koyukuk,odd,ALMS,ALMS Point in Koyukuk NWR at Blackpoll Slough and surveyed in odd years
65.403146,-157.607947,35691_25,186,Blackpoll Slough,Koyukuk,odd,ALMS,ALMS Point in Koyukuk NWR at Blackpoll Slough and surveyed in odd years
65.383533,-157.618132,35691_3,186,Blackpoll Slough,Koyukuk,odd,ALMS,ALMS Point in Koyukuk NWR at Blackpoll Slough and surveyed in odd years
65.384644,-157.607722,35691_4,186,Blackpoll Slough,Koyukuk,odd,ALMS,ALMS Point in Koyukuk NWR at Blackpoll Slough and surveyed in odd years
65.385754,-157.59731,35691_5,186,Blackpoll Slough,Koyukuk,odd,ALMS,ALMS Point in Koyukuk NWR at Blackpoll Slough and surveyed in odd years
65.385656,-157.641615,35691_6,186,Blackpoll Slough,Koyukuk,odd,ALMS,ALMS Point in Koyukuk NWR at Blackpoll Slough and surveyed in odd years
65.386769,-157.631205,35691_7,186,Blackpoll Slough,Koyukuk,odd,ALMS,ALMS Point in Koyukuk NWR at Blackpoll Slough and surveyed in odd years
65.38788,-157.620793,35691_8,186,Blackpoll Slough,Koyukuk,odd,ALMS,ALMS Point in Koyukuk NWR at Blackpoll Slough and surveyed in odd years
65.388992,-157.610381,35691_9,186,Blackpoll Slough,Koyukuk,odd,ALMS,ALMS Point in Koyukuk NWR at Blackpoll Slough and surveyed in odd years
65.813105,-156.109476,36416_1,186,Lake Iris,Koyukuk,odd,ALMS,ALMS Point in Koyukuk NWR at Lake Iris and surveyed in odd years
65.821527,-156.069395,36416_10,186,Lake Iris,Koyukuk,odd,ALMS,ALMS Point in Koyukuk NWR at Lake Iris and surveyed in odd years
65.821856,-156.114401,36416_11,186,Lake Iris,Koyukuk,odd,ALMS,ALMS Point in Koyukuk NWR at Lake Iris and surveyed in odd years
65.822869,-156.103765,36416_12,186,Lake Iris,Koyukuk,odd,ALMS,ALMS Point in Koyukuk NWR at Lake Iris and surveyed in odd years
65.823881,-156.093128,36416_13,186,Lake Iris,Koyukuk,odd,ALMS,ALMS Point in Koyukuk NWR at Lake Iris and surveyed in odd years
65.824893,-156.08249,36416_14,186,Lake Iris,Koyukuk,odd,ALMS,ALMS Point in Koyukuk NWR at Lake Iris and surveyed in odd years
65.825904,-156.071851,36416_15,186,Lake Iris,Koyukuk,odd,ALMS,ALMS Point in Koyukuk NWR at Lake Iris and surveyed in odd years
65.826231,-156.116865,36416_16,186,Lake Iris,Koyukuk,odd,ALMS,ALMS Point in Koyukuk NWR at Lake Iris and surveyed in odd years
65.827244,-156.106227,36416_17,186,Lake Iris,Koyukuk,odd,ALMS,ALMS Point in Koyukuk NWR at Lake Iris and surveyed in odd years
65.828257,-156.095588,36416_18,186,Lake Iris,Koyukuk,odd,ALMS,ALMS Point in Koyukuk NWR at Lake Iris and surveyed in odd years
65.829269,-156.084949,36416_19,186,Lake Iris,Koyukuk,odd,ALMS,ALMS Point in Koyukuk NWR at Lake Iris and surveyed in odd years
65.814117,-156.098843,36416_2,186,Lake Iris,Koyukuk,odd,ALMS,ALMS Point in Koyukuk NWR at Lake Iris and surveyed in odd years
65.83028,-156.074309,36416_20,186,Lake Iris,Koyukuk,odd,ALMS,ALMS Point in Koyukuk NWR at Lake Iris and surveyed in odd years
65.830607,-156.119329,36416_21,186,Lake Iris,Koyukuk,odd,ALMS,ALMS Point in Koyukuk NWR at Lake Iris and surveyed in odd years
65.83162,-156.10869,36416_22,186,Lake Iris,Koyukuk,odd,ALMS,ALMS Point in Koyukuk NWR at Lake Iris and surveyed in odd years
65.832633,-156.098049,36416_23,186,Lake Iris,Koyukuk,odd,ALMS,ALMS Point in Koyukuk NWR at Lake Iris and surveyed in odd years
65.833645,-156.087408,36416_24,186,Lake Iris,Koyukuk,odd,ALMS,ALMS Point in Koyukuk NWR at Lake Iris and surveyed in odd years
65.834656,-156.076767,36416_25,186,Lake Iris,Koyukuk,odd,ALMS,ALMS Point in Koyukuk NWR at Lake Iris and surveyed in odd years
65.815129,-156.088209,36416_3,186,Lake Iris,Koyukuk,odd,ALMS,ALMS Point in Koyukuk NWR at Lake Iris and surveyed in odd years
65.816141,-156.077575,36416_4,186,Lake Iris,Koyukuk,odd,ALMS,ALMS Point in Koyukuk NWR at Lake Iris and surveyed in odd years
65.817151,-156.066939,36416_5,186,Lake Iris,Koyukuk,odd,ALMS,ALMS Point in Koyukuk NWR at Lake Iris and surveyed in odd years
65.81748,-156.111938,36416_6,186,Lake Iris,Koyukuk,odd,ALMS,ALMS Point in Koyukuk NWR at Lake Iris and surveyed in odd years
65.818493,-156.101304,36416_7,186,Lake Iris,Koyukuk,odd,ALMS,ALMS Point in Koyukuk NWR at Lake Iris and surveyed in odd years
65.819505,-156.090668,36416_8,186,Lake Iris,Koyukuk,odd,ALMS,ALMS Point in Koyukuk NWR at Lake Iris and surveyed in odd years
65.820517,-156.080032,36416_9,186,Lake Iris,Koyukuk,odd,ALMS,ALMS Point in Koyukuk NWR at Lake Iris and surveyed in odd years
64.505685,-154.342872,32597_1,186,Lake-no-Lake,Nowitna,odd,ALMS,ALMS Point in Nowitna NWR at Lake-no-Lake and surveyed in odd years
64.513648,-154.304118,32597_10,186,Lake-no-Lake,Nowitna,odd,ALMS,ALMS Point in Nowitna NWR at Lake-no-Lake and surveyed in odd years
64.514467,-154.347031,32597_11,186,Lake-no-Lake,Nowitna,odd,ALMS,ALMS Point in Nowitna NWR at Lake-no-Lake and surveyed in odd years
64.515361,-154.336822,32597_12,186,Lake-no-Lake,Nowitna,odd,ALMS,ALMS Point in Nowitna NWR at Lake-no-Lake and surveyed in odd years
64.516254,-154.326612,32597_13,186,Lake-no-Lake,Nowitna,odd,ALMS,ALMS Point in Nowitna NWR at Lake-no-Lake and surveyed in odd years
64.517147,-154.316402,32597_14,186,Lake-no-Lake,Nowitna,odd,ALMS,ALMS Point in Nowitna NWR at Lake-no-Lake and surveyed in odd years
64.51804,-154.306192,32597_15,186,Lake-no-Lake,Nowitna,odd,ALMS,ALMS Point in Nowitna NWR at Lake-no-Lake and surveyed in odd years
64.518858,-154.349111,32597_16,186,Lake-no-Lake,Nowitna,odd,ALMS,ALMS Point in Nowitna NWR at Lake-no-Lake and surveyed in odd years
64.519752,-154.3389,32597_17,186,Lake-no-Lake,Nowitna,odd,ALMS,ALMS Point in Nowitna NWR at Lake-no-Lake and surveyed in odd years
64.520646,-154.328689,32597_18,186,Lake-no-Lake,Nowitna,odd,ALMS,ALMS Point in Nowitna NWR at Lake-no-Lake and surveyed in odd years
64.521539,-154.318478,32597_19,186,Lake-no-Lake,Nowitna,odd,ALMS,ALMS Point in Nowitna NWR at Lake-no-Lake and surveyed in odd years
64.506579,-154.332667,32597_2,186,Lake-no-Lake,Nowitna,odd,ALMS,ALMS Point in Nowitna NWR at Lake-no-Lake and surveyed in odd years
64.522431,-154.308266,32597_20,186,Lake-no-Lake,Nowitna,odd,ALMS,ALMS Point in Nowitna NWR at Lake-no-Lake and surveyed in odd years
64.523249,-154.351191,32597_21,186,Lake-no-Lake,Nowitna,odd,ALMS,ALMS Point in Nowitna NWR at Lake-no-Lake and surveyed in odd years
64.524143,-154.34098,32597_22,186,Lake-no-Lake,Nowitna,odd,ALMS,ALMS Point in Nowitna NWR at Lake-no-Lake and surveyed in odd years
64.525037,-154.330767,32597_23,186,Lake-no-Lake,Nowitna,odd,ALMS,ALMS Point in Nowitna NWR at Lake-no-Lake and surveyed in odd years
64.52593,-154.320554,32597_24,186,Lake-no-Lake,Nowitna,odd,ALMS,ALMS Point in Nowitna NWR at Lake-no-Lake and surveyed in odd years
64.526823,-154.31034,32597_25,186,Lake-no-Lake,Nowitna,odd,ALMS,ALMS Point in Nowitna NWR at Lake-no-Lake and surveyed in odd years
64.507472,-154.32246,32597_3,186,Lake-no-Lake,Nowitna,odd,ALMS,ALMS Point in Nowitna NWR at Lake-no-Lake and surveyed in odd years
64.508365,-154.312253,32597_4,186,Lake-no-Lake,Nowitna,odd,ALMS,ALMS Point in Nowitna NWR at Lake-no-Lake and surveyed in odd years
64.509257,-154.302045,32597_5,186,Lake-no-Lake,Nowitna,odd,ALMS,ALMS Point in Nowitna NWR at Lake-no-Lake and surveyed in odd years
64.510076,-154.344951,32597_6,186,Lake-no-Lake,Nowitna,odd,ALMS,ALMS Point in Nowitna NWR at Lake-no-Lake and surveyed in odd years
64.51097,-154.334744,32597_7,186,Lake-no-Lake,Nowitna,odd,ALMS,ALMS Point in Nowitna NWR at Lake-no-Lake and surveyed in odd years
64.511863,-154.324536,32597_8,186,Lake-no-Lake,Nowitna,odd,ALMS,ALMS Point in Nowitna NWR at Lake-no-Lake and surveyed in odd years
64.512756,-154.314327,32597_9,186,Lake-no-Lake,Nowitna,odd,ALMS,ALMS Point in Nowitna NWR at Lake-no-Lake and surveyed in odd years
66.637797,-158.912099,39274_1,186,,Selawik,odd,ALMS,ALMS Point in Selawik NWR at  and surveyed in odd years
66.646925,-158.871699,39274_10,186,,Selawik,odd,ALMS,ALMS Point in Selawik NWR at  and surveyed in odd years
66.646471,-158.918098,39274_11,186,,Selawik,odd,ALMS,ALMS Point in Selawik NWR at  and surveyed in odd years
66.64767,-158.907248,39274_12,186,,Selawik,odd,ALMS,ALMS Point in Selawik NWR at  and surveyed in odd years
66.648869,-158.896397,39274_13,186,,Selawik,odd,ALMS,ALMS Point in Selawik NWR at  and surveyed in odd years
66.650067,-158.885545,39274_14,186,,Selawik,odd,ALMS,ALMS Point in Selawik NWR at  and surveyed in odd years
66.651264,-158.874692,39274_15,186,,Selawik,odd,ALMS,ALMS Point in Selawik NWR at  and surveyed in odd years
66.650809,-158.921099,39274_16,186,,Selawik,odd,ALMS,ALMS Point in Selawik NWR at  and surveyed in odd years
66.652008,-158.910247,39274_17,186,,Selawik,odd,ALMS,ALMS Point in Selawik NWR at  and surveyed in odd years
66.653206,-158.899395,39274_18,186,,Selawik,odd,ALMS,ALMS Point in Selawik NWR at  and surveyed in odd years
66.654404,-158.888541,39274_19,186,,Selawik,odd,ALMS,ALMS Point in Selawik NWR at  and surveyed in odd years
66.638995,-158.901252,39274_2,186,,Selawik,odd,ALMS,ALMS Point in Selawik NWR at  and surveyed in odd years
66.655602,-158.877686,39274_20,186,,Selawik,odd,ALMS,ALMS Point in Selawik NWR at  and surveyed in odd years
66.655146,-158.924101,39274_21,186,,Selawik,odd,ALMS,ALMS Point in Selawik NWR at  and surveyed in odd years
66.656345,-158.913248,39274_22,186,,Selawik,odd,ALMS,ALMS Point in Selawik NWR at  and surveyed in odd years
66.657544,-158.902393,39274_23,186,,Selawik,odd,ALMS,ALMS Point in Selawik NWR at  and surveyed in odd years
66.658742,-158.891538,39274_24,186,,Selawik,odd,ALMS,ALMS Point in Selawik NWR at  and surveyed in odd years
66.65994,-158.880682,39274_25,186,,Selawik,odd,ALMS,ALMS Point in Selawik NWR at  and surveyed in odd years
66.640193,-158.890405,39274_3,186,,Selawik,odd,ALMS,ALMS Point in Selawik NWR at  and surveyed in odd years
66.641391,-158.879556,39274_4,186,,Selawik,odd,ALMS,ALMS Point in Selawik NWR at  and surveyed in odd years
66.642587,-158.868706,39274_5,186,,Selawik,odd,ALMS,ALMS Point in Selawik NWR at  and surveyed in odd years
66.642134,-158.915098,39274_6,186,,Selawik,odd,ALMS,ALMS Point in Selawik NWR at  and surveyed in odd years
66.643333,-158.90425,39274_7,186,,Selawik,odd,ALMS,ALMS Point in Selawik NWR at  and surveyed in odd years
66.644531,-158.8934,39274_8,186,,Selawik,odd,ALMS,ALMS Point in Selawik NWR at  and surveyed in odd years
66.645729,-158.88255,39274_9,186,,Selawik,odd,ALMS,ALMS Point in Selawik NWR at  and surveyed in odd years
63.61530673,-142.3205885,FP01,186,Fairplay,Tetlin,all,BBS,BBS Point in Tetlin NWR at Fairplay surveyed in all years
63.62373624,-142.3222326,FP02,186,Fairplay,Tetlin,all,BBS,BBS Point in Tetlin NWR at Fairplay surveyed in all years
63.62752914,-142.3204848,FP03,186,Fairplay,Tetlin,all,BBS,BBS Point in Tetlin NWR at Fairplay surveyed in all years
63.63431445,-142.3093329,FP04,186,Fairplay,Tetlin,all,BBS,BBS Point in Tetlin NWR at Fairplay surveyed in all years
63.64024105,-142.3143382,FP05,186,Fairplay,Tetlin,all,BBS,BBS Point in Tetlin NWR at Fairplay surveyed in all years
63.64509149,-142.3036498,FP06,186,Fairplay,Tetlin,all,BBS,BBS Point in Tetlin NWR at Fairplay surveyed in all years
63.64834224,-142.2866195,FP07,186,Fairplay,Tetlin,all,BBS,BBS Point in Tetlin NWR at Fairplay surveyed in all years
63.65397479,-142.2925162,FP08,186,Fairplay,Tetlin,all,BBS,BBS Point in Tetlin NWR at Fairplay surveyed in all years
63.65980642,-142.2931249,FP09,186,Fairplay,Tetlin,all,BBS,BBS Point in Tetlin NWR at Fairplay surveyed in all years
63.66399452,-142.2815934,FP10,186,Fairplay,Tetlin,all,BBS,BBS Point in Tetlin NWR at Fairplay surveyed in all years
63.66826753,-142.2702254,FP11,186,Fairplay,Tetlin,all,BBS,BBS Point in Tetlin NWR at Fairplay surveyed in all years
63.67398097,-142.2630266,FP12,186,Fairplay,Tetlin,all,BBS,BBS Point in Tetlin NWR at Fairplay surveyed in all years
63.6815075,-142.2612457,FP13,186,Fairplay,Tetlin,all,BBS,BBS Point in Tetlin NWR at Fairplay surveyed in all years
63.68761581,-142.2590902,FP14,186,Fairplay,Tetlin,all,BBS,BBS Point in Tetlin NWR at Fairplay surveyed in all years
63.69516347,-142.2596901,FP15,186,Fairplay,Tetlin,all,BBS,BBS Point in Tetlin NWR at Fairplay surveyed in all years
63.70160068,-142.2611219,FP16,186,Fairplay,Tetlin,all,BBS,BBS Point in Tetlin NWR at Fairplay surveyed in all years
63.70840972,-142.2736901,FP17,186,Fairplay,Tetlin,all,BBS,BBS Point in Tetlin NWR at Fairplay surveyed in all years
63.71245651,-142.2842781,FP18,186,Fairplay,Tetlin,all,BBS,BBS Point in Tetlin NWR at Fairplay surveyed in all years
63.7201433,-142.2822775,FP19,186,Fairplay,Tetlin,all,BBS,BBS Point in Tetlin NWR at Fairplay surveyed in all years
63.72754494,-142.2821516,FP20,186,Fairplay,Tetlin,all,BBS,BBS Point in Tetlin NWR at Fairplay surveyed in all years
63.73323407,-142.2760955,FP21,186,Fairplay,Tetlin,all,BBS,BBS Point in Tetlin NWR at Fairplay surveyed in all years
63.73930994,-142.2691013,FP22,186,Fairplay,Tetlin,all,BBS,BBS Point in Tetlin NWR at Fairplay surveyed in all years
63.74690495,-142.2619787,FP23,186,Fairplay,Tetlin,all,BBS,BBS Point in Tetlin NWR at Fairplay surveyed in all years
63.75265067,-142.2535861,FP24,186,Fairplay,Tetlin,all,BBS,BBS Point in Tetlin NWR at Fairplay surveyed in all years
63.75857365,-142.2491164,FP25,186,Fairplay,Tetlin,all,BBS,BBS Point in Tetlin NWR at Fairplay surveyed in all years
63.76616187,-142.2422634,FP26,186,Fairplay,Tetlin,all,BBS,BBS Point in Tetlin NWR at Fairplay surveyed in all years
63.77260203,-142.2358655,FP27,186,Fairplay,Tetlin,all,BBS,BBS Point in Tetlin NWR at Fairplay surveyed in all years
63.77880061,-142.2299881,FP28,186,Fairplay,Tetlin,all,BBS,BBS Point in Tetlin NWR at Fairplay surveyed in all years
63.78638682,-142.2259919,FP29,186,Fairplay,Tetlin,all,BBS,BBS Point in Tetlin NWR at Fairplay surveyed in all years
63.79289,-142.2189474,FP30,186,Fairplay,Tetlin,all,BBS,BBS Point in Tetlin NWR at Fairplay surveyed in all years
63.79939344,-142.2145069,FP31,186,Fairplay,Tetlin,all,BBS,BBS Point in Tetlin NWR at Fairplay surveyed in all years
63.80605194,-142.2091971,FP32,186,Fairplay,Tetlin,all,BBS,BBS Point in Tetlin NWR at Fairplay surveyed in all years
63.81395683,-142.2096839,FP33,186,Fairplay,Tetlin,all,BBS,BBS Point in Tetlin NWR at Fairplay surveyed in all years
63.82017897,-142.212071,FP34,186,Fairplay,Tetlin,all,BBS,BBS Point in Tetlin NWR at Fairplay surveyed in all years
63.82770516,-142.2147655,FP35,186,Fairplay,Tetlin,all,BBS,BBS Point in Tetlin NWR at Fairplay surveyed in all years
63.83481,-142.2172983,FP36,186,Fairplay,Tetlin,all,BBS,BBS Point in Tetlin NWR at Fairplay surveyed in all years
63.84192464,-142.2197393,FP37,186,Fairplay,Tetlin,all,BBS,BBS Point in Tetlin NWR at Fairplay surveyed in all years
63.84967337,-142.2223096,FP38,186,Fairplay,Tetlin,all,BBS,BBS Point in Tetlin NWR at Fairplay surveyed in all years
63.85645852,-142.228766,FP39,186,Fairplay,Tetlin,all,BBS,BBS Point in Tetlin NWR at Fairplay surveyed in all years
63.8628804,-142.2310146,FP40,186,Fairplay,Tetlin,all,BBS,BBS Point in Tetlin NWR at Fairplay surveyed in all years
63.87195272,-142.2294222,FP41,186,Fairplay,Tetlin,all,BBS,BBS Point in Tetlin NWR at Fairplay surveyed in all years
63.87899025,-142.2317222,FP42,186,Fairplay,Tetlin,all,BBS,BBS Point in Tetlin NWR at Fairplay surveyed in all years
63.8861795,-142.2340196,FP43,186,Fairplay,Tetlin,all,BBS,BBS Point in Tetlin NWR at Fairplay surveyed in all years
63.89311301,-142.2332863,FP44,186,Fairplay,Tetlin,all,BBS,BBS Point in Tetlin NWR at Fairplay surveyed in all years
63.90028037,-142.2253646,FP45,186,Fairplay,Tetlin,all,BBS,BBS Point in Tetlin NWR at Fairplay surveyed in all years
63.90614142,-142.2194617,FP46,186,Fairplay,Tetlin,all,BBS,BBS Point in Tetlin NWR at Fairplay surveyed in all years
63.91342923,-142.2115364,FP47,186,Fairplay,Tetlin,all,BBS,BBS Point in Tetlin NWR at Fairplay surveyed in all years
63.91932607,-142.2053227,FP48,186,Fairplay,Tetlin,all,BBS,BBS Point in Tetlin NWR at Fairplay surveyed in all years
63.9259761,-142.198515,FP49,186,Fairplay,Tetlin,all,BBS,BBS Point in Tetlin NWR at Fairplay surveyed in all years
63.93230469,-142.1922747,FP50,186,Fairplay,Tetlin,all,BBS,BBS Point in Tetlin NWR at Fairplay surveyed in all years
63.01010449,-141.8002017,NW1,186,Northway,Tetlin,all,BBS,BBS Point in Tetlin NWR at Northway surveyed in all years
62.99240761,-141.6895473,NW10,186,Northway,Tetlin,all,BBS,BBS Point in Tetlin NWR at Northway surveyed in all years
62.98621791,-141.679379,NW11,186,Northway,Tetlin,all,BBS,BBS Point in Tetlin NWR at Northway surveyed in all years
62.98090579,-141.6681102,NW12,186,Northway,Tetlin,all,BBS,BBS Point in Tetlin NWR at Northway surveyed in all years
62.97528715,-141.6609552,NW13,186,Northway,Tetlin,all,BBS,BBS Point in Tetlin NWR at Northway surveyed in all years
62.97290132,-141.647399,NW14,186,Northway,Tetlin,all,BBS,BBS Point in Tetlin NWR at Northway surveyed in all years
62.96712083,-141.6408284,NW15,186,Northway,Tetlin,all,BBS,BBS Point in Tetlin NWR at Northway surveyed in all years
62.96240031,-141.6317325,NW16,186,Northway,Tetlin,all,BBS,BBS Point in Tetlin NWR at Northway surveyed in all years
62.95492491,-141.6246477,NW17,186,Northway,Tetlin,all,BBS,BBS Point in Tetlin NWR at Northway surveyed in all years
62.9518568,-141.6125459,NW18,186,Northway,Tetlin,all,BBS,BBS Point in Tetlin NWR at Northway surveyed in all years
62.94753886,-141.5986567,NW19,186,Northway,Tetlin,all,BBS,BBS Point in Tetlin NWR at Northway surveyed in all years
63.00982788,-141.7840679,NW2,186,Northway,Tetlin,all,BBS,BBS Point in Tetlin NWR at Northway surveyed in all years
62.94137548,-141.5921421,NW20,186,Northway,Tetlin,all,BBS,BBS Point in Tetlin NWR at Northway surveyed in all years
62.93895537,-141.582389,NW21,186,Northway,Tetlin,all,BBS,BBS Point in Tetlin NWR at Northway surveyed in all years
62.93424893,-141.5701405,NW22,186,Northway,Tetlin,all,BBS,BBS Point in Tetlin NWR at Northway surveyed in all years
62.92857824,-141.5592779,NW23,186,Northway,Tetlin,all,BBS,BBS Point in Tetlin NWR at Northway surveyed in all years
62.92449826,-141.5472693,NW24,186,Northway,Tetlin,all,BBS,BBS Point in Tetlin NWR at Northway surveyed in all years
62.91846003,-141.5394895,NW25,186,Northway,Tetlin,all,BBS,BBS Point in Tetlin NWR at Northway surveyed in all years
63.01221086,-141.771101,NW3,186,Northway,Tetlin,all,BBS,BBS Point in Tetlin NWR at Northway surveyed in all years
63.00988371,-141.7559079,NW4,186,Northway,Tetlin,all,BBS,BBS Point in Tetlin NWR at Northway surveyed in all years
63.00830145,-141.7422493,NW5,186,Northway,Tetlin,all,BBS,BBS Point in Tetlin NWR at Northway surveyed in all years
63.00260528,-141.7320458,NW6,186,Northway,Tetlin,all,BBS,BBS Point in Tetlin NWR at Northway surveyed in all years
62.99742904,-141.7249216,NW7,186,Northway,Tetlin,all,BBS,BBS Point in Tetlin NWR at Northway surveyed in all years
62.9914452,-141.7151833,NW8,186,Northway,Tetlin,all,BBS,BBS Point in Tetlin NWR at Northway surveyed in all years
62.9924864,-141.7030407,NW9,186,Northway,Tetlin,all,BBS,BBS Point in Tetlin NWR at Northway surveyed in all years
62.72447689,-143.8789919,Slana1,186,Slana,Tetlin,all,BBS,BBS Point in Tetlin NWR at Slana surveyed in all years
62.77031022,-143.7916426,Slana10,186,Slana,Tetlin,all,BBS,BBS Point in Tetlin NWR at Slana surveyed in all years
62.77707182,-143.7862544,Slana11,186,Slana,Tetlin,all,BBS,BBS Point in Tetlin NWR at Slana surveyed in all years
62.78333494,-143.7800942,Slana12,186,Slana,Tetlin,all,BBS,BBS Point in Tetlin NWR at Slana surveyed in all years
62.78912919,-143.7733735,Slana13,186,Slana,Tetlin,all,BBS,BBS Point in Tetlin NWR at Slana surveyed in all years
62.79561871,-143.7634974,Slana14,186,Slana,Tetlin,all,BBS,BBS Point in Tetlin NWR at Slana surveyed in all years
62.80045171,-143.7531888,Slana15,186,Slana,Tetlin,all,BBS,BBS Point in Tetlin NWR at Slana surveyed in all years
62.80603364,-143.7442114,Slana16,186,Slana,Tetlin,all,BBS,BBS Point in Tetlin NWR at Slana surveyed in all years
62.81138733,-143.7319387,Slana17,186,Slana,Tetlin,all,BBS,BBS Point in Tetlin NWR at Slana surveyed in all years
62.81591096,-143.719613,Slana18,186,Slana,Tetlin,all,BBS,BBS Point in Tetlin NWR at Slana surveyed in all years
62.82005967,-143.7077816,Slana19,186,Slana,Tetlin,all,BBS,BBS Point in Tetlin NWR at Slana surveyed in all years
62.72689741,-143.8652625,Slana2,186,Slana,Tetlin,all,BBS,BBS Point in Tetlin NWR at Slana surveyed in all years
62.82660518,-143.7026889,Slana20,186,Slana,Tetlin,all,BBS,BBS Point in Tetlin NWR at Slana surveyed in all years
62.83398083,-143.7041159,Slana21,186,Slana,Tetlin,all,BBS,BBS Point in Tetlin NWR at Slana surveyed in all years
62.84101208,-143.7055127,Slana22,186,Slana,Tetlin,all,BBS,BBS Point in Tetlin NWR at Slana surveyed in all years
62.84852226,-143.7064043,Slana23,186,Slana,Tetlin,all,BBS,BBS Point in Tetlin NWR at Slana surveyed in all years
62.85548645,-143.69764,Slana24,186,Slana,Tetlin,all,BBS,BBS Point in Tetlin NWR at Slana surveyed in all years
62.85915772,-143.6846071,Slana25,186,Slana,Tetlin,all,BBS,BBS Point in Tetlin NWR at Slana surveyed in all years
62.86350466,-143.6716692,Slana26,186,Slana,Tetlin,all,BBS,BBS Point in Tetlin NWR at Slana surveyed in all years
62.87073397,-143.6709672,Slana27,186,Slana,Tetlin,all,BBS,BBS Point in Tetlin NWR at Slana surveyed in all years
62.87693541,-143.6759205,Slana28,186,Slana,Tetlin,all,BBS,BBS Point in Tetlin NWR at Slana surveyed in all years
62.88454165,-143.6795852,Slana29,186,Slana,Tetlin,all,BBS,BBS Point in Tetlin NWR at Slana surveyed in all years
62.73020164,-143.8484839,Slana3,186,Slana,Tetlin,all,BBS,BBS Point in Tetlin NWR at Slana surveyed in all years
62.89106268,-143.680298,Slana30,186,Slana,Tetlin,all,BBS,BBS Point in Tetlin NWR at Slana surveyed in all years
62.89717368,-143.6721588,Slana31,186,Slana,Tetlin,all,BBS,BBS Point in Tetlin NWR at Slana surveyed in all years
62.90407199,-143.6686936,Slana32,186,Slana,Tetlin,all,BBS,BBS Point in Tetlin NWR at Slana surveyed in all years
62.9107304,-143.6644374,Slana33,186,Slana,Tetlin,all,BBS,BBS Point in Tetlin NWR at Slana surveyed in all years
62.91685875,-143.6555666,Slana34,186,Slana,Tetlin,all,BBS,BBS Point in Tetlin NWR at Slana surveyed in all years
62.92231704,-143.6476054,Slana35,186,Slana,Tetlin,all,BBS,BBS Point in Tetlin NWR at Slana surveyed in all years
62.9261495,-143.6307818,Slana36,186,Slana,Tetlin,all,BBS,BBS Point in Tetlin NWR at Slana surveyed in all years
62.92732565,-143.6194497,Slana37,186,Slana,Tetlin,all,BBS,BBS Point in Tetlin NWR at Slana surveyed in all years
62.9278325,-143.6025966,Slana38,186,Slana,Tetlin,all,BBS,BBS Point in Tetlin NWR at Slana surveyed in all years
62.92784323,-143.5886975,Slana39,186,Slana,Tetlin,all,BBS,BBS Point in Tetlin NWR at Slana surveyed in all years
62.73431347,-143.8342009,Slana4,186,Slana,Tetlin,all,BBS,BBS Point in Tetlin NWR at Slana surveyed in all years
62.92890882,-143.57328,Slana40,186,Slana,Tetlin,all,BBS,BBS Point in Tetlin NWR at Slana surveyed in all years
62.92954543,-143.5573787,Slana41,186,Slana,Tetlin,all,BBS,BBS Point in Tetlin NWR at Slana surveyed in all years
62.92986888,-143.5413551,Slana42,186,Slana,Tetlin,all,BBS,BBS Point in Tetlin NWR at Slana surveyed in all years
62.93065301,-143.5237666,Slana43,186,Slana,Tetlin,all,BBS,BBS Point in Tetlin NWR at Slana surveyed in all years
62.93205581,-143.5091483,Slana44,186,Slana,Tetlin,all,BBS,BBS Point in Tetlin NWR at Slana surveyed in all years
62.93268261,-143.4943289,Slana45,186,Slana,Tetlin,all,BBS,BBS Point in Tetlin NWR at Slana surveyed in all years
62.93219847,-143.4798209,Slana46,186,Slana,Tetlin,all,BBS,BBS Point in Tetlin NWR at Slana surveyed in all years
62.93246166,-143.4642437,Slana47,186,Slana,Tetlin,all,BBS,BBS Point in Tetlin NWR at Slana surveyed in all years
62.93424533,-143.446714,Slana48,186,Slana,Tetlin,all,BBS,BBS Point in Tetlin NWR at Slana surveyed in all years
62.93419219,-143.4335475,Slana49,186,Slana,Tetlin,all,BBS,BBS Point in Tetlin NWR at Slana surveyed in all years
62.73801743,-143.8217881,Slana5,186,Slana,Tetlin,all,BBS,BBS Point in Tetlin NWR at Slana surveyed in all years
62.93630736,-143.4188022,Slana50,186,Slana,Tetlin,all,BBS,BBS Point in Tetlin NWR at Slana surveyed in all years
62.74341487,-143.81149,Slana6,186,Slana,Tetlin,all,BBS,BBS Point in Tetlin NWR at Slana surveyed in all years
62.74960105,-143.8074018,Slana7,186,Slana,Tetlin,all,BBS,BBS Point in Tetlin NWR at Slana surveyed in all years
62.75643021,-143.8021705,Slana8,186,Slana,Tetlin,all,BBS,BBS Point in Tetlin NWR at Slana surveyed in all years
62.76356338,-143.7952542,Slana9,186,Slana,Tetlin,all,BBS,BBS Point in Tetlin NWR at Slana surveyed in all years
63.61522643,-143.9866902,TB01,186,Tower Bluffs,Tetlin,all,BBS,BBS Point in Tetlin NWR at Tower Bluffs surveyed in all years
63.60932012,-143.9763498,TB02,186,Tower Bluffs,Tetlin,all,BBS,BBS Point in Tetlin NWR at Tower Bluffs surveyed in all years
63.60382218,-143.9667319,TB03,186,Tower Bluffs,Tetlin,all,BBS,BBS Point in Tetlin NWR at Tower Bluffs surveyed in all years
63.59798058,-143.9564783,TB04,186,Tower Bluffs,Tetlin,all,BBS,BBS Point in Tetlin NWR at Tower Bluffs surveyed in all years
63.59235792,-143.9466039,TB05,186,Tower Bluffs,Tetlin,all,BBS,BBS Point in Tetlin NWR at Tower Bluffs surveyed in all years
63.58646686,-143.9362838,TB06,186,Tower Bluffs,Tetlin,all,BBS,BBS Point in Tetlin NWR at Tower Bluffs surveyed in all years
63.58060137,-143.925634,TB07,186,Tower Bluffs,Tetlin,all,BBS,BBS Point in Tetlin NWR at Tower Bluffs surveyed in all years
63.57503478,-143.9152492,TB08,186,Tower Bluffs,Tetlin,all,BBS,BBS Point in Tetlin NWR at Tower Bluffs surveyed in all years
63.56903686,-143.9040877,TB09,186,Tower Bluffs,Tetlin,all,BBS,BBS Point in Tetlin NWR at Tower Bluffs surveyed in all years
63.56369332,-143.8931656,TB10,186,Tower Bluffs,Tetlin,all,BBS,BBS Point in Tetlin NWR at Tower Bluffs surveyed in all years
63.55728979,-143.8845811,TB11,186,Tower Bluffs,Tetlin,all,BBS,BBS Point in Tetlin NWR at Tower Bluffs surveyed in all years
63.55058746,-143.8761641,TB12,186,Tower Bluffs,Tetlin,all,BBS,BBS Point in Tetlin NWR at Tower Bluffs surveyed in all years
63.5443421,-143.8684139,TB13,186,Tower Bluffs,Tetlin,all,BBS,BBS Point in Tetlin NWR at Tower Bluffs surveyed in all years
63.53837268,-143.8607735,TB14,186,Tower Bluffs,Tetlin,all,BBS,BBS Point in Tetlin NWR at Tower Bluffs surveyed in all years
63.5318917,-143.8526988,TB15,186,Tower Bluffs,Tetlin,all,BBS,BBS Point in Tetlin NWR at Tower Bluffs surveyed in all years
63.52506146,-143.8442474,TB16,186,Tower Bluffs,Tetlin,all,BBS,BBS Point in Tetlin NWR at Tower Bluffs surveyed in all years
63.5194543,-143.8373026,TB17,186,Tower Bluffs,Tetlin,all,BBS,BBS Point in Tetlin NWR at Tower Bluffs surveyed in all years
63.51314667,-143.829313,TB18,186,Tower Bluffs,Tetlin,all,BBS,BBS Point in Tetlin NWR at Tower Bluffs surveyed in all years
63.50685488,-143.8238421,TB19,186,Tower Bluffs,Tetlin,all,BBS,BBS Point in Tetlin NWR at Tower Bluffs surveyed in all years
63.50031951,-143.8301739,TB20,186,Tower Bluffs,Tetlin,all,BBS,BBS Point in Tetlin NWR at Tower Bluffs surveyed in all years
63.4922614,-143.8380769,TB21,186,Tower Bluffs,Tetlin,all,BBS,BBS Point in Tetlin NWR at Tower Bluffs surveyed in all years
63.48623615,-143.8365407,TB22,186,Tower Bluffs,Tetlin,all,BBS,BBS Point in Tetlin NWR at Tower Bluffs surveyed in all years
63.47917968,-143.8358168,TB23,186,Tower Bluffs,Tetlin,all,BBS,BBS Point in Tetlin NWR at Tower Bluffs surveyed in all years
63.47084521,-143.8411567,TB24,186,Tower Bluffs,Tetlin,all,BBS,BBS Point in Tetlin NWR at Tower Bluffs surveyed in all years
63.46431705,-143.8463617,TB25,186,Tower Bluffs,Tetlin,all,BBS,BBS Point in Tetlin NWR at Tower Bluffs surveyed in all years
63.45676345,-143.8428932,TB26,186,Tower Bluffs,Tetlin,all,BBS,BBS Point in Tetlin NWR at Tower Bluffs surveyed in all years
63.4495639,-143.8367491,TB27,186,Tower Bluffs,Tetlin,all,BBS,BBS Point in Tetlin NWR at Tower Bluffs surveyed in all years
63.44298536,-143.8311891,TB28,186,Tower Bluffs,Tetlin,all,BBS,BBS Point in Tetlin NWR at Tower Bluffs surveyed in all years
63.436596,-143.8257831,TB29,186,Tower Bluffs,Tetlin,all,BBS,BBS Point in Tetlin NWR at Tower Bluffs surveyed in all years
63.42956308,-143.8198293,TB30,186,Tower Bluffs,Tetlin,all,BBS,BBS Point in Tetlin NWR at Tower Bluffs surveyed in all years
63.42293585,-143.8142265,TB31,186,Tower Bluffs,Tetlin,all,BBS,BBS Point in Tetlin NWR at Tower Bluffs surveyed in all years
63.41638237,-143.8086824,TB32,186,Tower Bluffs,Tetlin,all,BBS,BBS Point in Tetlin NWR at Tower Bluffs surveyed in all years
63.40963058,-143.8029869,TB33,186,Tower Bluffs,Tetlin,all,BBS,BBS Point in Tetlin NWR at Tower Bluffs surveyed in all years
63.40269129,-143.7971167,TB34,186,Tower Bluffs,Tetlin,all,BBS,BBS Point in Tetlin NWR at Tower Bluffs surveyed in all years
63.39547849,-143.7898773,TB35,186,Tower Bluffs,Tetlin,all,BBS,BBS Point in Tetlin NWR at Tower Bluffs surveyed in all years
63.39088957,-143.7771019,TB36,186,Tower Bluffs,Tetlin,all,BBS,BBS Point in Tetlin NWR at Tower Bluffs surveyed in all years
63.38790343,-143.7626867,TB37,186,Tower Bluffs,Tetlin,all,BBS,BBS Point in Tetlin NWR at Tower Bluffs surveyed in all years
63.38667909,-143.7468669,TB38,186,Tower Bluffs,Tetlin,all,BBS,BBS Point in Tetlin NWR at Tower Bluffs surveyed in all years
63.38549213,-143.7312531,TB39,186,Tower Bluffs,Tetlin,all,BBS,BBS Point in Tetlin NWR at Tower Bluffs surveyed in all years
63.38541845,-143.7148376,TB40,186,Tower Bluffs,Tetlin,all,BBS,BBS Point in Tetlin NWR at Tower Bluffs surveyed in all years
63.38624599,-143.6998609,TB41,186,Tower Bluffs,Tetlin,all,BBS,BBS Point in Tetlin NWR at Tower Bluffs surveyed in all years
63.38717597,-143.6829742,TB42,186,Tower Bluffs,Tetlin,all,BBS,BBS Point in Tetlin NWR at Tower Bluffs surveyed in all years
63.38801692,-143.6675984,TB43,186,Tower Bluffs,Tetlin,all,BBS,BBS Point in Tetlin NWR at Tower Bluffs surveyed in all years
63.38891714,-143.651345,TB44,186,Tower Bluffs,Tetlin,all,BBS,BBS Point in Tetlin NWR at Tower Bluffs surveyed in all years
63.3896804,-143.6370921,TB45,186,Tower Bluffs,Tetlin,all,BBS,BBS Point in Tetlin NWR at Tower Bluffs surveyed in all years
63.38844842,-143.6179675,TB46,186,Tower Bluffs,Tetlin,all,BBS,BBS Point in Tetlin NWR at Tower Bluffs surveyed in all years
63.38450851,-143.6029164,TB47,186,Tower Bluffs,Tetlin,all,BBS,BBS Point in Tetlin NWR at Tower Bluffs surveyed in all years
63.38083631,-143.5900395,TB48,186,Tower Bluffs,Tetlin,all,BBS,BBS Point in Tetlin NWR at Tower Bluffs surveyed in all years
63.37740191,-143.5760504,TB49,186,Tower Bluffs,Tetlin,all,BBS,BBS Point in Tetlin NWR at Tower Bluffs surveyed in all years
63.37517669,-143.5598569,TB50,186,Tower Bluffs,Tetlin,all,BBS,BBS Point in Tetlin NWR at Tower Bluffs surveyed in all years
62.8356146,-141.5822539,430_1,186,Ten Mile Hill,Tetlin,odd,ALMS,ALMS Point in Tetlin NWR at Ten Mile Hill surveyed in odd years
62.836203,-141.571437,430_10,186,Ten Mile Hill,Tetlin,odd,ALMS,ALMS Point in Tetlin NWR at Ten Mile Hill surveyed in odd years
62.8355847,-141.566616,430_11,186,Ten Mile Hill,Tetlin,odd,ALMS,ALMS Point in Tetlin NWR at Ten Mile Hill surveyed in odd years
62.8333397,-141.5679065,430_12,186,Ten Mile Hill,Tetlin,odd,ALMS,ALMS Point in Tetlin NWR at Ten Mile Hill surveyed in odd years
62.8340271,-141.5725794,430_13,186,Ten Mile Hill,Tetlin,odd,ALMS,ALMS Point in Tetlin NWR at Ten Mile Hill surveyed in odd years
62.8348529,-141.577495,430_14,186,Ten Mile Hill,Tetlin,odd,ALMS,ALMS Point in Tetlin NWR at Ten Mile Hill surveyed in odd years
62.8363037,-141.5868257,430_2,186,Ten Mile Hill,Tetlin,odd,ALMS,ALMS Point in Tetlin NWR at Ten Mile Hill surveyed in odd years
62.8370092,-141.5915358,430_3,186,Ten Mile Hill,Tetlin,odd,ALMS,ALMS Point in Tetlin NWR at Ten Mile Hill surveyed in odd years
62.8378296,-141.5961656,430_4,186,Ten Mile Hill,Tetlin,odd,ALMS,ALMS Point in Tetlin NWR at Ten Mile Hill surveyed in odd years
62.8399481,-141.5944969,430_5,186,Ten Mile Hill,Tetlin,odd,ALMS,ALMS Point in Tetlin NWR at Ten Mile Hill surveyed in odd years
62.8391672,-141.5900041,430_6,186,Ten Mile Hill,Tetlin,odd,ALMS,ALMS Point in Tetlin NWR at Ten Mile Hill surveyed in odd years
62.8387333,-141.5851833,430_7,186,Ten Mile Hill,Tetlin,odd,ALMS,ALMS Point in Tetlin NWR at Ten Mile Hill surveyed in odd years
62.8378733,-141.5803977,430_8,186,Ten Mile Hill,Tetlin,odd,ALMS,ALMS Point in Tetlin NWR at Ten Mile Hill surveyed in odd years
62.8369889,-141.5759188,430_9,186,Ten Mile Hill,Tetlin,odd,ALMS,ALMS Point in Tetlin NWR at Ten Mile Hill surveyed in odd years
63.0042103,-141.809454,431_01,186,Northway,Tetlin,odd,ALMS,ALMS Point in Tetlin NWR at Northway surveyed in odd years
63.000214,-141.807256,431_02,186,Northway,Tetlin,odd,ALMS,ALMS Point in Tetlin NWR at Northway surveyed in odd years
62.9961565,-141.8069715,431_03,186,Northway,Tetlin,odd,ALMS,ALMS Point in Tetlin NWR at Northway surveyed in odd years
62.9920983,-141.8072177,431_04,186,Northway,Tetlin,odd,ALMS,ALMS Point in Tetlin NWR at Northway surveyed in odd years
62.9890004,-141.8134575,431_05,186,Northway,Tetlin,odd,ALMS,ALMS Point in Tetlin NWR at Northway surveyed in odd years
62.9851546,-141.8182737,431_06,186,Northway,Tetlin,odd,ALMS,ALMS Point in Tetlin NWR at Northway surveyed in odd years
62.9816471,-141.8240669,431_07,186,Northway,Tetlin,odd,ALMS,ALMS Point in Tetlin NWR at Northway surveyed in odd years
62.9794689,-141.8318626,431_08,186,Northway,Tetlin,odd,ALMS,ALMS Point in Tetlin NWR at Northway surveyed in odd years
62.9766321,-141.8372622,431_09,186,Northway,Tetlin,odd,ALMS,ALMS Point in Tetlin NWR at Northway surveyed in odd years
62.9724853,-141.8423221,431_10,186,Northway,Tetlin,odd,ALMS,ALMS Point in Tetlin NWR at Northway surveyed in odd years
62.9692417,-141.84719,431_11,186,Northway,Tetlin,odd,ALMS,ALMS Point in Tetlin NWR at Northway surveyed in odd years
62.9674871,-141.8561454,431_12,186,Northway,Tetlin,odd,ALMS,ALMS Point in Tetlin NWR at Northway surveyed in odd years
62.9669434,-141.8653075,431_13,186,Northway,Tetlin,odd,ALMS,ALMS Point in Tetlin NWR at Northway surveyed in odd years
62.9640943,-141.8721331,431_14,186,Northway,Tetlin,odd,ALMS,ALMS Point in Tetlin NWR at Northway surveyed in odd years
62.9643547,-141.8808299,431_15,186,Northway,Tetlin,odd,ALMS,ALMS Point in Tetlin NWR at Northway surveyed in odd years
62.9667749,-141.8886743,431_16,186,Northway,Tetlin,odd,ALMS,ALMS Point in Tetlin NWR at Northway surveyed in odd years
62.9671773,-141.8975273,431_17,186,Northway,Tetlin,odd,ALMS,ALMS Point in Tetlin NWR at Northway surveyed in odd years
62.9683959,-141.9063482,431_18,186,Northway,Tetlin,odd,ALMS,ALMS Point in Tetlin NWR at Northway surveyed in odd years
62.9657654,-141.9133415,431_19,186,Northway,Tetlin,odd,ALMS,ALMS Point in Tetlin NWR at Northway surveyed in odd years
62.963646,-141.9215349,431_20,186,Northway,Tetlin,odd,ALMS,ALMS Point in Tetlin NWR at Northway surveyed in odd years
62.9627087,-141.9303102,431_21,186,Northway,Tetlin,odd,ALMS,ALMS Point in Tetlin NWR at Northway surveyed in odd years
62.9608939,-141.9386944,431_22,186,Northway,Tetlin,odd,ALMS,ALMS Point in Tetlin NWR at Northway surveyed in odd years
62.9616386,-141.947796,431_23,186,Northway,Tetlin,odd,ALMS,ALMS Point in Tetlin NWR at Northway surveyed in odd years
62.9646271,-141.9526283,431_24,186,Northway,Tetlin,odd,ALMS,ALMS Point in Tetlin NWR at Northway surveyed in odd years
62.9687648,-141.9535642,431_25,186,Northway,Tetlin,odd,ALMS,ALMS Point in Tetlin NWR at Northway surveyed in odd years
62.9729096,-141.955563,431_26,186,Northway,Tetlin,odd,ALMS,ALMS Point in Tetlin NWR at Northway surveyed in odd years
62.9769197,-141.9532301,431_27,186,Northway,Tetlin,odd,ALMS,ALMS Point in Tetlin NWR at Northway surveyed in odd years
62.9798335,-141.95813,431_28,186,Northway,Tetlin,odd,ALMS,ALMS Point in Tetlin NWR at Northway surveyed in odd years
63.6884902,-142.2408252,FPPC_01,186,Fairplay,Tetlin,even,ALMS,ALMS Point in Tetlin NWR at Fairplay surveyed in even years
63.6840187,-142.2408715,FPPC_02,186,Fairplay,Tetlin,even,ALMS,ALMS Point in Tetlin NWR at Fairplay surveyed in even years
63.6792293,-142.24059,FPPC_03,186,Fairplay,Tetlin,even,ALMS,ALMS Point in Tetlin NWR at Fairplay surveyed in even years
63.6750841,-142.2408023,FPPC_04,186,Fairplay,Tetlin,even,ALMS,ALMS Point in Tetlin NWR at Fairplay surveyed in even years
63.6705572,-142.2408637,FPPC_05,186,Fairplay,Tetlin,even,ALMS,ALMS Point in Tetlin NWR at Fairplay surveyed in even years
63.6660775,-142.2408528,FPPC_06,186,Fairplay,Tetlin,even,ALMS,ALMS Point in Tetlin NWR at Fairplay surveyed in even years
63.6660739,-142.2509522,FPPC_07,186,Fairplay,Tetlin,even,ALMS,ALMS Point in Tetlin NWR at Fairplay surveyed in even years
63.6705807,-142.2509024,FPPC_08,186,Fairplay,Tetlin,even,ALMS,ALMS Point in Tetlin NWR at Fairplay surveyed in even years
63.6750636,-142.2508729,FPPC_09,186,Fairplay,Tetlin,even,ALMS,ALMS Point in Tetlin NWR at Fairplay surveyed in even years
63.679532,-142.2508861,FPPC_10,186,Fairplay,Tetlin,even,ALMS,ALMS Point in Tetlin NWR at Fairplay surveyed in even years
63.684006,-142.2508332,FPPC_11,186,Fairplay,Tetlin,even,ALMS,ALMS Point in Tetlin NWR at Fairplay surveyed in even years
63.6885049,-142.2508977,FPPC_12,186,Fairplay,Tetlin,even,ALMS,ALMS Point in Tetlin NWR at Fairplay surveyed in even years
62.7903193,-141.3144907,HLPC_01,186,Hidden Lake,Tetlin,even,ALMS,ALMS Point in Tetlin NWR at Hidden Lake surveyed in even years
62.7913688,-141.3187855,HLPC_02,186,Hidden Lake,Tetlin,even,ALMS,ALMS Point in Tetlin NWR at Hidden Lake surveyed in even years
62.7924492,-141.3230977,HLPC_03,186,Hidden Lake,Tetlin,even,ALMS,ALMS Point in Tetlin NWR at Hidden Lake surveyed in even years
62.7934991,-141.3273904,HLPC_04,186,Hidden Lake,Tetlin,even,ALMS,ALMS Point in Tetlin NWR at Hidden Lake surveyed in even years
62.7947483,-141.3313085,HLPC_05,186,Hidden Lake,Tetlin,even,ALMS,ALMS Point in Tetlin NWR at Hidden Lake surveyed in even years
62.7959423,-141.3359262,HLPC_06,186,Hidden Lake,Tetlin,even,ALMS,ALMS Point in Tetlin NWR at Hidden Lake surveyed in even years
62.7938972,-141.3380361,HLPC_07,186,Hidden Lake,Tetlin,even,ALMS,ALMS Point in Tetlin NWR at Hidden Lake surveyed in even years
62.7927702,-141.3340489,HLPC_08,186,Hidden Lake,Tetlin,even,ALMS,ALMS Point in Tetlin NWR at Hidden Lake surveyed in even years
62.791636,-141.329887,HLPC_09,186,Hidden Lake,Tetlin,even,ALMS,ALMS Point in Tetlin NWR at Hidden Lake surveyed in even years
62.7904597,-141.3254457,HLPC_10,186,Hidden Lake,Tetlin,even,ALMS,ALMS Point in Tetlin NWR at Hidden Lake surveyed in even years
62.7892387,-141.3213296,HLPC_11,186,Hidden Lake,Tetlin,even,ALMS,ALMS Point in Tetlin NWR at Hidden Lake surveyed in even years
62.7882144,-141.3171492,HLPC_12,186,Hidden Lake,Tetlin,even,ALMS,ALMS Point in Tetlin NWR at Hidden Lake surveyed in even years
63.1435852,-142.2847281,FCPC_01,186,Fish Camp,Tetlin,odd,ALMS,ALMS Point in Tetlin NWR at Fish Camp surveyed in odd years
63.1426811,-142.2892556,FCPC_02,186,Fish Camp,Tetlin,odd,ALMS,ALMS Point in Tetlin NWR at Fish Camp surveyed in odd years
63.1417797,-142.2938195,FCPC_03,186,Fish Camp,Tetlin,odd,ALMS,ALMS Point in Tetlin NWR at Fish Camp surveyed in odd years
63.1408553,-142.2985688,FCPC_04,186,Fish Camp,Tetlin,odd,ALMS,ALMS Point in Tetlin NWR at Fish Camp surveyed in odd years
63.1399106,-142.3031533,FCPC_05,186,Fish Camp,Tetlin,odd,ALMS,ALMS Point in Tetlin NWR at Fish Camp surveyed in odd years
63.1391,-142.3077621,FCPC_06,186,Fish Camp,Tetlin,odd,ALMS,ALMS Point in Tetlin NWR at Fish Camp surveyed in odd years
63.1366703,-142.306036,FCPC_07,186,Fish Camp,Tetlin,odd,ALMS,ALMS Point in Tetlin NWR at Fish Camp surveyed in odd years
63.1376306,-142.3013721,FCPC_08,186,Fish Camp,Tetlin,odd,ALMS,ALMS Point in Tetlin NWR at Fish Camp surveyed in odd years
63.1387226,-142.2966378,FCPC_09,186,Fish Camp,Tetlin,odd,ALMS,ALMS Point in Tetlin NWR at Fish Camp surveyed in odd years
63.139678,-142.2922033,FCPC_10,186,Fish Camp,Tetlin,odd,ALMS,ALMS Point in Tetlin NWR at Fish Camp surveyed in odd years
63.1406241,-142.2876732,FCPC_11,186,Fish Camp,Tetlin,odd,ALMS,ALMS Point in Tetlin NWR at Fish Camp surveyed in odd years
63.1416156,-142.2831778,FCPC_12,186,Fish Camp,Tetlin,odd,ALMS,ALMS Point in Tetlin NWR at Fish Camp surveyed in odd years
63.1427025,-142.2781249,FCPC_13,186,Fish Camp,Tetlin,odd,ALMS,ALMS Point in Tetlin NWR at Fish Camp surveyed in odd years
63.1445349,-142.2798738,FCPC_14,186,Fish Camp,Tetlin,odd,ALMS,ALMS Point in Tetlin NWR at Fish Camp surveyed in odd years
62.6494334,-142.3760849,DLPC_01,186,Deeper Lake,Tetlin,even,ALMS,ALMS Point in Tetlin NWR at Deeper Lake surveyed in even years
62.6492792,-142.3808365,DLPC_02,186,Deeper Lake,Tetlin,even,ALMS,ALMS Point in Tetlin NWR at Deeper Lake surveyed in even years
62.6493139,-142.3857847,DLPC_03,186,Deeper Lake,Tetlin,even,ALMS,ALMS Point in Tetlin NWR at Deeper Lake surveyed in even years
62.6492854,-142.3897043,DLPC_04,186,Deeper Lake,Tetlin,even,ALMS,ALMS Point in Tetlin NWR at Deeper Lake surveyed in even years
62.6491236,-142.3946113,DLPC_05,186,Deeper Lake,Tetlin,even,ALMS,ALMS Point in Tetlin NWR at Deeper Lake surveyed in even years
62.6490709,-142.3997679,DLPC_06,186,Deeper Lake,Tetlin,even,ALMS,ALMS Point in Tetlin NWR at Deeper Lake surveyed in even years
62.6463638,-142.399821,DLPC_07,186,Deeper Lake,Tetlin,even,ALMS,ALMS Point in Tetlin NWR at Deeper Lake surveyed in even years
62.646433,-142.3949655,DLPC_08,186,Deeper Lake,Tetlin,even,ALMS,ALMS Point in Tetlin NWR at Deeper Lake surveyed in even years
62.6464004,-142.3899946,DLPC_09,186,Deeper Lake,Tetlin,even,ALMS,ALMS Point in Tetlin NWR at Deeper Lake surveyed in even years
62.6464022,-142.3850206,DLPC_10,186,Deeper Lake,Tetlin,even,ALMS,ALMS Point in Tetlin NWR at Deeper Lake surveyed in even years
62.6466232,-142.379617,DLPC_11,186,Deeper Lake,Tetlin,even,ALMS,ALMS Point in Tetlin NWR at Deeper Lake surveyed in even years
62.6466095,-142.3756252,DLPC_12,186,Deeper Lake,Tetlin,even,ALMS,ALMS Point in Tetlin NWR at Deeper Lake surveyed in even years
62.6824427,-141.2660722,CHPC_01,186,Chisana,Tetlin,even,ALMS,ALMS Point in Tetlin NWR at Chisana surveyed in even years
62.6824295,-141.2699545,CHPC_02,186,Chisana,Tetlin,even,ALMS,ALMS Point in Tetlin NWR at Chisana surveyed in even years
62.6823677,-141.2758092,CHPC_03,186,Chisana,Tetlin,even,ALMS,ALMS Point in Tetlin NWR at Chisana surveyed in even years
62.6822195,-141.2806261,CHPC_04,186,Chisana,Tetlin,even,ALMS,ALMS Point in Tetlin NWR at Chisana surveyed in even years
62.6821419,-141.2857891,CHPC_05,186,Chisana,Tetlin,even,ALMS,ALMS Point in Tetlin NWR at Chisana surveyed in even years
62.6820677,-141.290635,CHPC_06,186,Chisana,Tetlin,even,ALMS,ALMS Point in Tetlin NWR at Chisana surveyed in even years
62.6844321,-141.2910538,CHPC_07,186,Chisana,Tetlin,even,ALMS,ALMS Point in Tetlin NWR at Chisana surveyed in even years
62.6845718,-141.2859759,CHPC_08,186,Chisana,Tetlin,even,ALMS,ALMS Point in Tetlin NWR at Chisana surveyed in even years
62.6847497,-141.2810812,CHPC_09,186,Chisana,Tetlin,even,ALMS,ALMS Point in Tetlin NWR at Chisana surveyed in even years
62.6849106,-141.2761975,CHPC_10,186,Chisana,Tetlin,even,ALMS,ALMS Point in Tetlin NWR at Chisana surveyed in even years
62.6852835,-141.2712365,CHPC_11,186,Chisana,Tetlin,even,ALMS,ALMS Point in Tetlin NWR at Chisana surveyed in even years
62.6854461,-141.2662934,CHPC_12,186,Chisana,Tetlin,even,ALMS,ALMS Point in Tetlin NWR at Chisana surveyed in even years
